customer_id,Age
1001,33
1002,34
1003,60
1004,50
1005,47
1006,49
1007,39
1008,39
1009,24
1010,34
1011,53
1012,39
1013,53
1014,44
1015,50
1016,47
1017,34
1018,41
1019,32
1020,47
1021,33
1022,55
1023,31
1024,34
1025,55
1026,31
1027,33
1028,31
1029,53
1030,28
1031,33
1032,46
1033,21
1034,36
1035,39
1036,65
1037,29
1038,38
1039,36
1040,59
1041,47
1042,40
1043,23
1044,67
1045,48
1046,43
1047,40
1048,52
1049,56
1050,33
1051,46
1052,41
1053,39
1054,39
1055,66
1056,61
1057,33
1058,31
1059,36
1060,52
1061,41
1062,36
1063,28
1064,57
1065,43
1066,58
1067,60
1068,40
1069,37
1070,56
1071,38
1072,36
1073,27
1074,47
1075,59
1076,48
1077,31
1078,28
1079,47
1080,62
1081,68
1082,61
1083,33
1084,68
1085,37
1086,58
1087,39
1088,39
1089,38
1090,24
1091,51
1092,29
1093,23
1094,31
1095,23
1096,83
1097,44
1098,44
1099,50
1100,33
1101,39
1102,40
1103,69
1104,23
1105,51
1106,66
1107,47
1108,66
1109,23
1110,47
1111,44
1112,44
1113,50
1114,61
1115,32
1116,52
1117,51
1118,32
1119,37
1120,54
1121,33
1122,63
1123,29
1124,24
1125,50
1126,34
1127,71
1128,30
1129,52
1130,28
1131,62
1132,39
1133,46
1134,36
1135,65
1136,35
1137,31
1138,52
1139,34
1140,31
1141,36
1142,39
1143,35
1144,51
1145,39
1146,39
1147,39
1148,47
1149,64
1150,38
1151,36
1152,39
1153,53
1154,36
1155,44
1156,48
1157,37
1158,43
1159,53
1160,33
1161,39
1162,52
1163,64
1164,52
1165,42
1166,35
1167,56
1168,55
1169,40
1170,47
1171,36
1172,46
1173,66
1174,51
1175,34
1176,30
1177,43
1178,52
1179,35
1180,41
1181,39
1182,39
1183,50
1184,27
1185,33
1186,35
1187,34
1188,41
1189,54
1190,41
1191,47
1192,52
1193,46
1194,22
1195,40
1196,62
1197,26
1198,38
1199,53
1200,49
1201,43
1202,36
1203,36
1204,63
1205,56
1206,48
1207,43
1208,44
1209,40
1210,44
1211,54
1212,72
1213,52
1214,47
1215,67
1216,39
1217,46
1218,64
1219,30
1220,38
1221,36
1222,52
1223,61
1224,29
1225,38
1226,35
1227,55
1228,57
1229,55
1230,39
1231,39
1232,46
1233,37
1234,29
1235,83
1236,29
1237,49
1238,42
1239,63
1240,56
1241,55
1242,32
1243,26
1244,60
1245,48
1246,38
1247,49
1248,41
1249,28
1250,28
1251,48
1252,32
1253,29
1254,32
1255,28
1256,51
1257,44
1258,43
1259,48
1260,37
1261,31
1262,50
1263,47
1264,56
1265,25
1266,63
1267,54
1268,28
1269,26
1270,29
1271,61
1272,45
1273,39
1274,36
1275,41
1276,37
1277,55
1278,83
1279,35
1280,38
1281,35
1282,45
1283,65
1284,41
1285,69
1286,36
1287,42
1288,69
1289,46
1290,55
1291,36
1292,71
1293,65
1294,68
1295,43
1296,30
1297,40
1298,47
1299,39
1300,34
1301,38
1302,38
1303,36
1304,41
1305,36
1306,47
1307,63
1308,35
1309,35
1310,56
1311,41
1312,37
1313,34
1314,32
1315,60
1316,21
1317,59
1318,53
1319,27
1320,62
1321,41
1322,50
1323,54
1324,47
1325,41
1326,43
1327,43
1328,23
1329,25
1330,51
1331,41
1332,49
1333,46
1334,29
1335,53
1336,66
1337,32
1338,74
1339,63
1340,41
1341,40
1342,40
1343,32
1344,49
1345,44
1346,24
1347,70
1348,30
1349,47
1350,27
1351,36
1352,69
1353,52
1354,32
1355,37
1356,32
1357,42
1358,51
1359,34
1360,37
1361,50
1362,36
1363,65
1364,60
1365,46
1366,38
1367,37
1368,46
1369,29
1370,39
1371,25
1372,64
1373,57
1374,44
1375,44
1376,26
1377,37
1378,48
1379,35
1380,67
1381,24
1382,59
1383,47
1384,42
1385,29
1386,54
1387,41
1388,62
1389,29
1390,38
1391,25
1392,33
1393,34
1394,53
1395,46
1396,33
1397,40
1398,32
1399,38
1400,62
1401,35
1402,34
1403,26
1404,31
1405,58
1406,40
1407,22
1408,55
1409,66
1410,39
1411,30
1412,53
1413,23
1414,37
1415,51
1416,37
1417,35
1418,35
1419,40
1420,32
1421,68
1422,65
1423,37
1424,39
1425,22
1426,50
1427,33
1428,33
1429,38
1430,32
1431,51
1432,56
1433,38
1434,35
1435,48
1436,31
1437,38
1438,58
1439,63
1440,40
1441,41
1442,60
1443,60
1444,48
1445,70
1446,27
1447,32
1448,26
1449,51
1450,48
1451,30
1452,56
1453,27
1454,44
1455,39
1456,33
1457,33
1458,60
1459,44
1460,71
1461,44
1462,52
1463,23
1464,69
1465,48
1466,35
1467,59
1468,61
1469,45
1470,25
1471,33
1472,40
1473,68
1474,30
1475,20
1476,42
1477,52
1478,42
1479,24
1480,43
1481,51
1482,39
1483,39
1484,39
1485,57
1486,35
1487,46
1488,51
1489,39
1490,55
1491,42
1492,40
1493,31
1494,39
1495,59
1496,53
1497,41
1498,49
1499,33
1500,36
1501,29
1502,49
1503,39
1504,40
1505,57
1506,56
1507,51
1508,58
1509,67
1510,36
1511,27
1512,60
1513,49
1514,49
1515,35
1516,60
1517,53
1518,38
1519,48
1520,37
1521,42
1522,50
1523,41
1524,39
1525,26
1526,25
1527,34
1528,25
1529,31
1530,47
1531,61
1532,52
1533,56
1534,68
1535,39
1536,40
1537,53
1538,45
1539,28
1540,33
1541,71
1542,46
1543,56
1544,36
1545,35
1546,58
1547,53
1548,64
1549,45
1550,44
1551,52
1552,49
1553,52
1554,56
1555,45
1556,35
1557,38
1558,32
1559,39
1560,32
1561,35
1562,34
1563,48
1564,36
1565,40
1566,47
1567,41
1568,33
1569,33
1570,39
1571,54
1572,44
1573,39
1574,24
1575,65
1576,64
1577,40
1578,39
1579,42
1580,34
1581,38
1582,29
1583,49
1584,39
1585,48
1586,66
1587,25
1588,36
1589,46
1590,37
1591,42
1592,26
1593,33
1594,52
1595,41
1596,25
1597,47
1598,24
1599,32
1600,44
1601,66
1602,64
1603,39
1604,42
1605,35
1606,59
1607,64
1608,40
1609,22
1610,53
1611,34
1612,35
1613,29
1614,24
1615,37
1616,65
1617,36
1618,35
1619,27
1620,36
1621,28
1622,46
1623,70
1624,57
1625,69
1626,28
1627,36
1628,40
1629,80
1630,44
1631,36
1632,41
1633,48
1634,49
1635,42
1636,37
1637,38
1638,58
1639,47
1640,36
1641,66
1642,51
1643,38
1644,40
1645,35
1646,36
1647,37
1648,30
1649,35
1650,48
1651,49
1652,70
1653,40
1654,38
1655,27
1656,46
1657,50
1658,65
1659,22
1660,93
1661,43
1662,67
1663,45
1664,42
1665,58
1666,52
1667,25
1668,35
1669,37
1670,29
1671,29
1672,47
1673,25
1674,39
1675,30
1676,34
1677,60
1678,45
1679,55
1680,34
1681,36
1682,62
1683,57
1684,23
1685,37
1686,68
1687,58
1688,36
1689,52
1690,39
1691,33
1692,48
1693,23
1694,38
1695,24
1696,38
1697,52
1698,36
1699,26
1700,35
1701,48
1702,59
1703,46
1704,49
1705,31
1706,29
1707,45
1708,32
1709,40
1710,69
1711,28
1712,74
1713,48
1714,35
1715,50
1716,38
1717,42
1718,45
1719,38
1720,51
1721,38
1722,46
1723,30
1724,45
1725,31
1726,36
1727,49
1728,39
1729,48
1730,55
1731,36
1732,25
1733,47
1734,41
1735,38
1736,29
1737,34
1738,33
1739,66
1740,29
1741,44
1742,47
1743,39
1744,44
1745,40
1746,39
1747,50
1748,52
1749,54
1750,34
1751,60
1752,22
1753,58
1754,55
1755,62
1756,43
1757,26
1758,37
1759,32
1760,33
1761,43
1762,44
1763,37
1764,49
1765,34
1766,40
1767,42
1768,36
1769,46
1770,32
1771,24
1772,44
1773,33
1774,38
1775,42
1776,35
1777,52
1778,38
1779,25
1780,56
1781,56
1782,23
1783,53
1784,47
1785,45
1786,33
1787,56
1788,43
1789,49
1790,36
1791,58
1792,35
1793,66
1794,43
1795,42
1796,43
1797,54
1798,36
1799,43
1800,68
1801,60
1802,32
1803,55
1804,39
1805,60
1806,42
1807,50
1808,23
1809,39
1810,32
1811,56
1812,61
1813,34
1814,48
1815,34
1816,42
1817,49
1818,29
1819,43
1820,63
1821,34
1822,60
1823,39
1824,39
1825,32
1826,39
1827,54
1828,71
1829,46
1830,30
1831,59
1832,26
1833,46
1834,31
1835,46
1836,35
1837,61
1838,34
1839,55
1840,36
1841,46
1842,49
1843,28
1844,74
1845,37
1846,38
1847,82
1848,49
1849,41
1850,35
1851,23
1852,37
1853,41
1854,56
1855,42
1856,30
1857,52
1858,43
1859,29
1860,27
1861,26
1862,28
1863,45
1864,29
1865,47
1866,28
1867,38
1868,64
1869,64
1870,52
1871,52
1872,72
1873,43
1874,39
1875,29
1876,47
1877,28
1878,51
1879,35
1880,66
1881,50
1882,37
1883,36
1884,43
1885,42
1886,60
1887,44
1888,63
1889,26
1890,42
1891,48
1892,34
1893,32
1894,30
1895,43
1896,59
1897,36
1898,66
1899,39
1900,48
1901,52
1902,30
1903,40
1904,48
1905,53
1906,29
1907,46
1908,46
1909,40
1910,44
1911,56
1912,69
1913,47
1914,21
1915,47
1916,67
1917,66
1918,51
1919,35
1920,41
1921,46
1922,43
1923,43
1924,36
1925,41
1926,55
1927,52
1928,50
1929,77
1930,39
1931,57
1932,65
1933,44
1934,45
1935,60
1936,35
1937,46
1938,27
1939,30
1940,20
1941,51
1942,35
1943,46
1944,35
1945,41
1946,39
1947,40
1948,27
1949,40
1950,36
1951,35
1952,25
1953,37
1954,29
1955,44
1956,31
1957,54
1958,31
1959,82
1960,39
1961,39
1962,28
1963,38
1964,37
1965,41
1966,36
1967,55
1968,43
1969,32
1970,55
1971,54
1972,58
1973,67
1974,47
1975,31
1976,36
1977,48
1978,21
1979,29
1980,50
1981,36
1982,41
1983,41
1984,34
1985,41
1986,33
1987,66
1988,45
1989,31
1990,68
1991,65
1992,51
1993,69
1994,48
1995,41
1996,70
1997,37
1998,36
1999,29
2000,34
2001,48
2002,63
2003,49
2004,35
2005,30
2006,35
2007,83
2008,67
2009,39
2010,39
2011,71
2012,34
2013,37
2014,59
2015,40
2016,27
2017,28
2018,44
2019,47
2020,42
2021,31
2022,26
2023,59
2024,33
2025,47
2026,46
2027,24
2028,34
2029,53
2030,38
2031,35
2032,58
2033,33
2034,67
2035,32
2036,59
2037,82
2038,46
2039,34
2040,25
2041,35
2042,42
2043,35
2044,41
2045,53
2046,30
2047,43
2048,50
2049,23
2050,52
2051,38
2052,66
2053,69
2054,40
2055,48
2056,40
2057,39
2058,71
2059,42
2060,57
2061,54
2062,46
2063,23
2064,44
2065,45
2066,22
2067,35
2068,52
2069,50
2070,48
2071,41
2072,53
2073,57
2074,20
2075,30
2076,42
2077,53
2078,26
2079,39
2080,47
2081,46
2082,33
2083,58
2084,49
2085,52
2086,55
2087,27
2088,46
2089,41
2090,26
2091,40
2092,29
2093,72
2094,56
2095,23
2096,66
2097,31
2098,48
2099,54
2100,63
2101,32
2102,77
2103,40
2104,28
2105,39
2106,43
2107,37
2108,44
2109,52
2110,33
2111,53
2112,65
2113,62
2114,45
2115,47
2116,42
2117,38
2118,40
2119,39
2120,49
2121,51
2122,31
2123,41
2124,52
2125,64
2126,39
2127,53
2128,48
2129,64
2130,48
2131,39
2132,33
2133,68
2134,36
2135,62
2136,42
2137,37
2138,51
2139,38
2140,59
2141,56
2142,63
2143,48
2144,32
2145,49
2146,62
2147,33
2148,46
2149,38
2150,35
2151,35
2152,26
2153,31
2154,55
2155,45
2156,58
2157,39
2158,46
2159,59
2160,32
2161,40
2162,68
2163,68
2164,48
2165,62
2166,53
2167,28
2168,41
2169,38
2170,46
2171,49
2172,56
2173,37
2174,23
2175,38
2176,28
2177,29
2178,53
2179,39
2180,39
2181,31
2182,43
2183,21
2184,54
2185,55
2186,63
2187,66
2188,27
2189,85
2190,64
2191,48
2192,33
2193,53
2194,43
2195,26
2196,58
2197,38
2198,50
2199,52
2200,80
2201,37
2202,53
2203,62
2204,38
2205,59
2206,29
2207,39
2208,36
2209,27
2210,72
2211,32
2212,30
2213,34
2214,42
2215,52
2216,50
2217,44
2218,37
2219,30
2220,44
2221,59
2222,35
2223,57
2224,43
2225,40
2226,42
2227,59
2228,31
2229,62
2230,23
2231,38
2232,38
2233,20
2234,46
2235,33
2236,37
2237,60
2238,37
2239,60
2240,34
2241,46
2242,50
2243,44
2244,63
2245,61
2246,55
2247,29
2248,51
2249,46
2250,41
2251,59
2252,39
2253,28
2254,52
2255,49
2256,35
2257,41
2258,36
2259,73
2260,32
2261,59
2262,60
2263,20
2264,47
2265,40
2266,63
2267,26
2268,27
2269,41
2270,47
2271,21
2272,54
2273,33
2274,34
2275,45
2276,34
2277,37
2278,49
2279,59
2280,32
2281,48
2282,50
2283,38
2284,33
2285,43
2286,37
2287,37
2288,23
2289,39
2290,34
2291,35
2292,61
2293,60
2294,36
2295,29
2296,42
2297,56
2298,34
2299,55
2300,42
2301,65
2302,35
2303,35
2304,38
2305,51
2306,40
2307,48
2308,45
2309,35
2310,41
2311,65
2312,54
2313,41
2314,43
2315,32
2316,33
2317,35
2318,47
2319,59
2320,31
2321,44
2322,35
2323,31
2324,44
2325,34
2326,33
2327,51
2328,49
2329,53
2330,51
2331,39
2332,48
2333,26
2334,25
2335,31
2336,23
2337,36
2338,56
2339,48
2340,40
2341,42
2342,37
2343,42
2344,27
2345,71
2346,25
2347,38
2348,48
2349,25
2350,28
2351,56
2352,46
2353,50
2354,61
2355,42
2356,40
2357,40
2358,52
2359,33
2360,32
2361,47
2362,69
2363,48
2364,41
2365,66
2366,38
2367,44
2368,40
2369,36
2370,40
2371,36
2372,48
2373,52
2374,44
2375,49
2376,40
2377,43
2378,49
2379,43
2380,29
2381,66
2382,54
2383,49
2384,34
2385,62
2386,49
2387,42
2388,55
2389,30
2390,54
2391,38
2392,43
2393,39
2394,26
2395,34
2396,65
2397,36
2398,23
2399,43
2400,35
2401,37
2402,44
2403,48
2404,43
2405,50
2406,37
2407,59
2408,56
2409,30
2410,67
2411,45
2412,44
2413,32
2414,37
2415,39
2416,63
2417,54
2418,40
2419,46
2420,23
2421,42
2422,30
2423,29
2424,47
2425,36
2426,52
2427,40
2428,45
2429,36
2430,34
2431,66
2432,45
2433,48
2434,26
2435,59
2436,33
2437,53
2438,52
2439,39
2440,51
2441,31
2442,43
2443,57
2444,39
2445,36
2446,38
2447,59
2448,37
2449,48
2450,47
2451,36
2452,25
2453,30
2454,57
2455,55
2456,24
2457,38
2458,37
2459,35
2460,34
2461,34
2462,49
2463,29
2464,44
2465,48
2466,23
2467,45
2468,38
2469,41
2470,53
2471,29
2472,35
2473,33
2474,28
2475,45
2476,54
2477,39
2478,39
2479,36
2480,21
2481,26
2482,39
2483,36
2484,31
2485,20
2486,35
2487,70
2488,39
2489,45
2490,36
2491,26
2492,78
2493,39
2494,43
2495,33
2496,35
2497,51
2498,41
2499,27
2500,44
2501,38
2502,52
2503,60
2504,36
2505,44
2506,34
2507,41
2508,47
2509,60
2510,38
2511,31
2512,39
2513,46
2514,63
2515,33
2516,56
2517,40
2518,48
2519,37
2520,32
2521,57
2522,45
2523,24
2524,69
2525,38
2526,79
2527,47
2528,56
2529,54
2530,48
2531,41
2532,68
2533,49
2534,30
2535,52
2536,42
2537,51
2538,44
2539,52
2540,38
2541,38
2542,29
2543,34
2544,62
2545,67
2546,77
2547,67
2548,31
2549,41
2550,61
2551,64
2552,30
2553,47
2554,45
2555,35
2556,26
2557,35
2558,66
2559,62
2560,29
2561,33
2562,53
2563,38
2564,39
2565,48
2566,30
2567,49
2568,64
2569,45
2570,56
2571,32
2572,43
2573,48
2574,53
2575,41
2576,40
2577,32
2578,68
2579,65
2580,39
2581,43
2582,26
2583,35
2584,53
2585,22
2586,45
2587,72
2588,56
2589,71
2590,29
2591,48
2592,39
2593,51
2594,59
2595,52
2596,41
2597,50
2598,39
2599,46
2600,25
2601,54
2602,54
2603,51
2604,47
2605,79
2606,55
2607,58
2608,66
2609,53
2610,40
2611,30
2612,50
2613,33
2614,33
2615,43
2616,45
2617,85
2618,27
2619,34
2620,49
2621,66
2622,24
2623,44
2624,26
2625,58
2626,44
2627,37
2628,47
2629,32
2630,35
2631,56
2632,34
2633,34
2634,37
2635,34
2636,38
2637,35
2638,53
2639,34
2640,38
2641,38
2642,35
2643,52
2644,37
2645,45
2646,39
2647,32
2648,36
2649,39
2650,29
2651,35
2652,41
2653,31
2654,46
2655,37
2656,41
2657,55
2658,26
2659,51
2660,47
2661,32
2662,49
2663,34
2664,27
2665,56
2666,28
2667,56
2668,70
2669,31
2670,58
2671,63
2672,26
2673,51
2674,63
2675,33
2676,36
2677,54
2678,26
2679,48
2680,33
2681,24
2682,26
2683,56
2684,63
2685,43
2686,39
2687,32
2688,28
2689,37
2690,42
2691,33
2692,45
2693,63
2694,38
2695,45
2696,40
2697,52
2698,53
2699,47
2700,43
2701,37
2702,38
2703,33
2704,42
2705,48
2706,58
2707,29
2708,36
2709,28
2710,53
2711,30
2712,37
2713,53
2714,71
2715,59
2716,41
2717,54
2718,39
2719,36
2720,53
2721,37
2722,38
2723,30
2724,19
2725,35
2726,48
2727,65
2728,45
2729,58
2730,66
2731,64
2732,59
2733,35
2734,28
2735,38
2736,46
2737,35
2738,59
2739,55
2740,29
2741,31
2742,60
2743,55
2744,41
2745,60
2746,54
2747,51
2748,42
2749,32
2750,35
2751,34
2752,27
2753,56
2754,26
2755,39
2756,27
2757,35
2758,53
2759,28
2760,59
2761,46
2762,34
2763,56
2764,45
2765,38
2766,36
2767,24
2768,39
2769,35
2770,47
2771,60
2772,46
2773,35
2774,26
2775,70
2776,53
2777,35
2778,24
2779,30
2780,36
2781,73
2782,34
2783,41
2784,41
2785,37
2786,43
2787,41
2788,32
2789,22
2790,30
2791,26
2792,43
2793,66
2794,39
2795,37
2796,56
2797,37
2798,29
2799,62
2800,66
2801,32
2802,23
2803,43
2804,41
2805,27
2806,43
2807,37
2808,42
2809,25
2810,39
2811,23
2812,35
2813,38
2814,53
2815,31
2816,57
2817,37
2818,35
2819,31
2820,38
2821,56
2822,62
2823,43
2824,55
2825,66
2826,24
2827,27
2828,24
2829,43
2830,40
2831,47
2832,28
2833,37
2834,35
2835,33
2836,57
2837,43
2838,36
2839,33
2840,48
2841,33
2842,58
2843,49
2844,35
2845,32
2846,34
2847,36
2848,66
2849,39
2850,28
2851,31
2852,63
2853,41
2854,41
2855,33
2856,43
2857,59
2858,30
2859,63
2860,34
2861,58
2862,35
2863,34
2864,36
2865,35
2866,39
2867,39
2868,33
2869,50
2870,32
2871,33
2872,39
2873,65
2874,43
2875,44
2876,38
2877,37
2878,39
2879,36
2880,67
2881,51
2882,26
2883,38
2884,44
2885,56
2886,41
2887,36
2888,39
2889,38
2890,41
2891,42
2892,42
2893,33
2894,50
2895,53
2896,39
2897,39
2898,59
2899,38
2900,25
2901,56
2902,41
2903,52
2904,56
2905,46
2906,26
2907,47
2908,54
2909,41
2910,56
2911,66
2912,39
2913,49
2914,57
2915,57
2916,35
2917,32
2918,72
2919,36
2920,41
2921,25
2922,60
2923,49
2924,45
2925,68
2926,28
2927,59
2928,38
2929,28
2930,50
2931,55
2932,48
2933,50
2934,37
2935,56
2936,50
2937,49
2938,41
2939,68
2940,76
2941,50
2942,42
2943,37
2944,44
2945,46
2946,49
2947,35
2948,64
2949,29
2950,31
2951,21
2952,60
2953,45
2954,60
2955,44
2956,55
2957,23
2958,66
2959,51
2960,28
2961,61
2962,39
2963,44
2964,31
2965,31
2966,38
2967,34
2968,57
2969,63
2970,41
2971,31
2972,43
2973,32
2974,36
2975,50
2976,27
2977,66
2978,46
2979,27
2980,39
2981,43
2982,36
2983,39
2984,61
2985,67
2986,46
2987,38
2988,42
2989,32
2990,29
2991,67
2992,43
2993,64
2994,36
2995,37
2996,38
2997,48
2998,35
2999,25
3000,26
3001,57
3002,38
3003,34
3004,33
3005,35
3006,43
3007,83
3008,53
3009,41
3010,44
3011,56
3012,41
3013,23
3014,42
3015,36
3016,79
3017,66
3018,41
3019,33
3020,29
3021,21
3022,56
3023,31
3024,68
3025,45
3026,37
3027,32
3028,36
3029,48
3030,48
3031,64
3032,49
3033,37
3034,47
3035,67
3036,30
3037,55
3038,60
3039,39
3040,53
3041,39
3042,49
3043,33
3044,52
3045,36
3046,74
3047,35
3048,62
3049,43
3050,39
3051,41
3052,37
3053,26
3054,33
3055,39
3056,39
3057,58
3058,42
3059,57
3060,38
3061,41
3062,61
3063,39
3064,26
3065,63
3066,23
3067,59
3068,63
3069,42
3070,51
3071,23
3072,23
3073,33
3074,64
3075,33
3076,40
3077,60
3078,36
3079,35
3080,68
3081,53
3082,32
3083,70
3084,28
3085,38
3086,21
3087,41
3088,32
3089,50
3090,37
3091,39
3092,28
3093,51
3094,48
3095,36
3096,36
3097,24
3098,39
3099,46
3100,27
3101,34
3102,41
3103,29
3104,49
3105,37
3106,35
3107,37
3108,32
3109,30
3110,36
3111,66
3112,44
3113,56
3114,44
3115,38
3116,68
3117,41
3118,34
3119,65
3120,84
3121,44
3122,60
3123,39
3124,39
3125,39
3126,27
3127,56
3128,60
3129,35
3130,60
3131,34
3132,54
3133,25
3134,42
3135,36
3136,34
3137,33
3138,41
3139,42
3140,38
3141,52
3142,58
3143,21
3144,34
3145,46
3146,30
3147,60
3148,29
3149,68
3150,36
3151,35
3152,53
3153,37
3154,67
3155,23
3156,25
3157,62
3158,35
3159,46
3160,39
3161,65
3162,30
3163,48
3164,59
3165,53
3166,46
3167,33
3168,49
3169,36
3170,36
3171,39
3172,51
3173,35
3174,38
3175,59
3176,73
3177,63
3178,28
3179,32
3180,44
3181,26
3182,42
3183,48
3184,32
3185,52
3186,31
3187,32
3188,51
3189,40
3190,35
3191,56
3192,37
3193,46
3194,67
3195,38
3196,33
3197,46
3198,34
3199,63
3200,34
3201,50
3202,36
3203,39
3204,44
3205,48
3206,44
3207,57
3208,42
3209,50
3210,22
3211,29
3212,33
3213,26
3214,62
3215,25
3216,55
3217,41
3218,38
3219,37
3220,27
3221,59
3222,67
3223,64
3224,33
3225,49
3226,29
3227,50
3228,40
3229,35
3230,38
3231,47
3232,44
3233,36
3234,32
3235,43
3236,74
3237,33
3238,31
3239,25
3240,65
3241,34
3242,44
3243,37
3244,43
3245,60
3246,44
3247,29
3248,62
3249,54
3250,63
3251,39
3252,68
3253,30
3254,35
3255,25
3256,45
3257,41
3258,44
3259,41
3260,58
3261,27
3262,56
3263,31
3264,39
3265,54
3266,26
3267,63
3268,46
3269,46
3270,38
3271,49
3272,34
3273,68
3274,43
3275,60
3276,46
3277,40
3278,28
3279,34
3280,46
3281,64
3282,36
3283,23
3284,71
3285,37
3286,26
3287,48
3288,40
3289,47
3290,29
3291,43
3292,44
3293,32
3294,61
3295,35
3296,60
3297,32
3298,25
3299,30
3300,45
3301,39
3302,39
3303,32
3304,52
3305,26
3306,37
3307,42
3308,63
3309,27
3310,59
3311,55
3312,59
3313,47
3314,47
3315,50
3316,32
3317,44
3318,48
3319,44
3320,55
3321,56
3322,50
3323,43
3324,42
3325,39
3326,42
3327,36
3328,31
3329,38
3330,59
3331,61
3332,75
3333,60
3334,27
3335,37
3336,55
3337,54
3338,56
3339,56
3340,32
3341,38
3342,46
3343,37
3344,39
3345,39
3346,39
3347,51
3348,45
3349,49
3350,40
3351,33
3352,49
3353,62
3354,41
3355,33
3356,43
3357,49
3358,35
3359,38
3360,42
3361,37
3362,38
3363,37
3364,54
3365,63
3366,66
3367,34
3368,39
3369,37
3370,26
3371,26
3372,41
3373,58
3374,62
3375,30
3376,34
3377,34
3378,38
3379,35
3380,48
3381,39
3382,53
3383,56
3384,39
3385,28
3386,27
3387,24
3388,34
3389,54
3390,53
3391,56
3392,49
3393,40
3394,58
3395,59
3396,26
3397,62
3398,49
3399,34
3400,45
3401,69
3402,47
3403,34
3404,28
3405,47
3406,41
3407,37
3408,55
3409,53
3410,43
3411,24
3412,34
3413,44
3414,39
3415,39
3416,38
3417,46
3418,34
3419,48
3420,44
3421,37
3422,65
3423,39
3424,54
3425,42
3426,50
3427,35
3428,39
3429,48
3430,61
3431,33
3432,46
3433,20
3434,36
3435,32
3436,60
3437,41
3438,39
3439,56
3440,63
3441,31
3442,40
3443,38
3444,45
3445,39
3446,35
3447,46
3448,83
3449,42
3450,46
3451,45
3452,49
3453,21
3454,43
3455,62
3456,22
3457,53
3458,35
3459,31
3460,63
3461,51
3462,50
3463,58
3464,31
3465,37
3466,43
3467,44
3468,58
3469,43
3470,35
3471,61
3472,22
3473,51
3474,65
3475,22
3476,67
3477,64
3478,54
3479,50
3480,51
3481,34
3482,55
3483,41
3484,35
3485,44
3486,68
3487,67
3488,34
3489,21
3490,67
3491,39
3492,49
3493,39
3494,30
3495,40
3496,32
3497,57
3498,35
3499,25
3500,35
3501,29
3502,28
3503,50
3504,53
3505,47
3506,45
3507,42
3508,61
3509,33
3510,29
3511,33
3512,57
3513,34
3514,38
3515,44
3516,42
3517,39
3518,47
3519,38
3520,32
3521,28
3522,44
3523,44
3524,38
3525,64
3526,54
3527,39
3528,47
3529,51
3530,67
3531,45
3532,32
3533,29
3534,43
3535,45
3536,47
3537,53
3538,35
3539,68
3540,53
3541,24
3542,42
3543,47
3544,46
3545,39
3546,54
3547,37
3548,55
3549,37
3550,63
3551,34
3552,51
3553,35
3554,35
3555,45
3556,25
3557,64
3558,41
3559,29
3560,56
3561,30
3562,51
3563,49
3564,53
3565,54
3566,43
3567,36
3568,36
3569,47
3570,39
3571,37
3572,29
3573,57
3574,50
3575,49
3576,45
3577,24
3578,43
3579,20
3580,42
3581,41
3582,60
3583,41
3584,42
3585,45
3586,29
3587,55
3588,59
3589,39
3590,35
3591,37
3592,51
3593,41
3594,53
3595,51
3596,50
3597,39
3598,59
3599,38
3600,51
3601,48
3602,55
3603,46
3604,64
3605,23
3606,31
3607,44
3608,38
3609,49
3610,53
3611,33
3612,44
3613,56
3614,49
3615,50
3616,54
3617,41
3618,39
3619,33
3620,29
3621,49
3622,33
3623,57
3624,24
3625,51
3626,29
3627,60
3628,46
3629,74
3630,33
3631,32
3632,32
3633,45
3634,28
3635,41
3636,36
3637,45
3638,43
3639,44
3640,25
3641,36
3642,37
3643,35
3644,49
3645,68
3646,33
3647,60
3648,52
3649,48
3650,34
3651,48
3652,58
3653,34
3654,45
3655,45
3656,45
3657,33
3658,48
3659,48
3660,57
3661,41
3662,33
3663,49
3664,54
3665,36
3666,41
3667,40
3668,58
3669,37
3670,39
3671,41
3672,54
3673,43
3674,48
3675,56
3676,49
3677,38
3678,31
3679,33
3680,49
3681,33
3682,28
3683,53
3684,42
3685,63
3686,49
3687,43
3688,28
3689,42
3690,34
3691,47
3692,39
3693,70
3694,25
3695,29
3696,34
3697,49
3698,39
3699,52
3700,28
3701,41
3702,36
3703,51
3704,40
3705,29
3706,39
3707,33
3708,28
3709,41
3710,60
3711,43
3712,38
3713,32
3714,57
3715,23
3716,26
3717,38
3718,38
3719,38
3720,34
3721,52
3722,22
3723,28
3724,23
3725,62
3726,48
3727,39
3728,41
3729,55
3730,33
3731,42
3732,30
3733,46
3734,47
3735,25
3736,66
3737,41
3738,26
3739,32
3740,36
3741,48
3742,66
3743,22
3744,28
3745,55
3746,57
3747,22
3748,43
3749,36
3750,42
3751,39
3752,33
3753,36
3754,52
3755,32
3756,52
3757,34
3758,43
3759,62
3760,42
3761,33
3762,24
3763,41
3764,34
3765,35
3766,39
3767,62
3768,44
3769,72
3770,50
3771,43
3772,40
3773,22
3774,33
3775,46
3776,53
3777,42
3778,29
3779,52
3780,59
3781,38
3782,25
3783,31
3784,36
3785,35
3786,25
3787,32
3788,67
3789,37
3790,25
3791,50
3792,49
3793,50
3794,36
3795,36
3796,34
3797,66
3798,57
3799,38
3800,46
3801,51
3802,28
3803,23
3804,34
3805,43
3806,42
3807,26
3808,51
3809,41
3810,37
3811,43
3812,32
3813,39
3814,55
3815,32
3816,32
3817,34
3818,56
3819,29
3820,46
3821,42
3822,50
3823,53
3824,33
3825,34
3826,69
3827,60
3828,34
3829,46
3830,45
3831,67
3832,66
3833,36
3834,34
3835,43
3836,53
3837,23
3838,56
3839,67
3840,35
3841,39
3842,45
3843,65
3844,34
3845,39
3846,48
3847,34
3848,36
3849,23
3850,61
3851,44
3852,47
3853,33
3854,56
3855,36
3856,29
3857,48
3858,52
3859,39
3860,49
3861,57
3862,68
3863,63
3864,64
3865,57
3866,39
3867,39
3868,39
3869,39
3870,52
3871,56
3872,37
3873,51
3874,40
3875,43
3876,34
3877,34
3878,38
3879,40
3880,45
3881,63
3882,62
3883,26
3884,69
3885,47
3886,23
3887,59
3888,50
3889,49
3890,66
3891,58
3892,34
3893,44
3894,62
3895,23
3896,38
3897,56
3898,36
3899,66
3900,66
3901,45
3902,49
3903,48
3904,45
3905,34
3906,39
3907,45
3908,39
3909,46
3910,36
3911,35
3912,51
3913,33
3914,35
3915,73
3916,41
3917,41
3918,48
3919,47
3920,34
3921,58
3922,31
3923,52
3924,47
3925,32
3926,59
3927,60
3928,38
3929,62
3930,62
3931,21
3932,39
3933,46
3934,46
3935,60
3936,51
3937,53
3938,48
3939,35
3940,51
3941,65
3942,66
3943,40
3944,22
3945,60
3946,64
3947,48
3948,52
3949,49
3950,34
3951,47
3952,44
3953,39
3954,49
3955,35
3956,48
3957,25
3958,54
3959,20
3960,30
3961,40
3962,52
3963,32
3964,48
3965,40
3966,24
3967,34
3968,41
3969,32
3970,36
3971,38
3972,31
3973,60
3974,57
3975,39
3976,38
3977,46
3978,58
3979,35
3980,40
3981,46
3982,50
3983,44
3984,44
3985,39
3986,41
3987,47
3988,49
3989,55
3990,38
3991,33
3992,35
3993,65
3994,62
3995,25
3996,34
3997,53
3998,32
3999,30
4000,50
4001,27
4002,69
4003,41
4004,49
4005,47
4006,41
4007,76
4008,50
4009,57
4010,31
4011,57
4012,45
4013,39
4014,32
4015,35
4016,66
4017,44
4018,29
4019,24
4020,36
4021,56
4022,33
4023,31
4024,89
4025,39
4026,68
4027,47
4028,26
4029,43
4030,27
4031,67
4032,35
4033,31
4034,37
4035,39
4036,48
4037,66
4038,38
4039,36
4040,52
4041,40
4042,35
4043,32
4044,31
4045,61
4046,35
4047,35
4048,30
4049,53
4050,20
4051,64
4052,55
4053,46
4054,26
4055,41
4056,39
4057,39
4058,42
4059,54
4060,46
4061,40
4062,61
4063,49
4064,75
4065,42
4066,55
4067,31
4068,40
4069,32
4070,83
4071,45
4072,35
4073,48
4074,49
4075,42
4076,36
4077,40
4078,26
4079,45
4080,45
4081,64
4082,26
4083,41
4084,25
4085,43
4086,37
4087,38
4088,35
4089,52
4090,36
4091,38
4092,34
4093,47
4094,38
4095,62
4096,36
4097,64
4098,48
4099,40
4100,48
4101,35
4102,24
4103,48
4104,46
4105,35
4106,38
4107,51
4108,57
4109,22
4110,45
4111,48
4112,39
4113,41
4114,28
4115,27
4116,49
4117,49
4118,26
4119,35
4120,31
4121,52
4122,61
4123,41
4124,32
4125,37
4126,46
4127,65
4128,29
4129,39
4130,39
4131,39
4132,39
4133,65
4134,28
4135,34
4136,29
4137,37
4138,46
4139,60
4140,30
4141,64
4142,56
4143,42
4144,53
4145,65
4146,26
4147,64
4148,42
4149,20
4150,48
4151,73
4152,43
4153,34
4154,36
4155,46
4156,41
4157,26
4158,47
4159,40
4160,32
4161,53
4162,42
4163,44
4164,39
4165,29
4166,44
4167,19
4168,48
4169,45
4170,50
4171,30
4172,36
4173,32
4174,41
4175,25
4176,31
4177,26
4178,55
4179,46
4180,60
4181,27
4182,33
4183,53
4184,38
4185,63
4186,25
4187,37
4188,42
4189,59
4190,40
4191,46
4192,29
4193,33
4194,58
4195,36
4196,62
4197,33
4198,41
4199,44
4200,45
4201,54
4202,41
4203,45
4204,38
4205,40
4206,42
4207,35
4208,36
4209,35
4210,47
4211,60
4212,41
4213,42
4214,38
4215,54
4216,39
4217,41
4218,26
4219,45
4220,62
4221,43
4222,48
4223,33
4224,63
4225,29
4226,33
4227,51
4228,35
4229,30
4230,67
4231,56
4232,68
4233,41
4234,62
4235,63
4236,32
4237,37
4238,33
4239,35
4240,63
4241,37
4242,24
4243,36
4244,61
4245,59
4246,67
4247,43
4248,55
4249,40
4250,38
4251,31
4252,35
4253,27
4254,53
4255,24
4256,42
4257,58
4258,47
4259,30
4260,39
4261,37
4262,66
4263,63
4264,31
4265,69
4266,28
4267,33
4268,58
4269,35
4270,56
4271,37
4272,60
4273,37
4274,64
4275,64
4276,33
4277,38
4278,29
4279,36
4280,38
4281,32
4282,43
4283,29
4284,29
4285,62
4286,35
4287,38
4288,42
4289,60
4290,41
4291,58
4292,80
4293,37
4294,31
4295,39
4296,59
4297,35
4298,25
4299,23
4300,49
4301,55
4302,83
4303,32
4304,22
4305,50
4306,44
4307,52
4308,58
4309,55
4310,62
4311,26
4312,63
4313,67
4314,30
4315,28
4316,22
4317,69
4318,43
4319,38
4320,39
4321,32
4322,71
4323,31
4324,52
4325,40
4326,43
4327,46
4328,63
4329,43
4330,48
4331,40
4332,37
4333,54
4334,64
4335,54
4336,26
4337,56
4338,47
4339,52
4340,53
4341,35
4342,54
4343,54
4344,48
4345,48
4346,27
4347,46
4348,35
4349,34
4350,43
4351,47
4352,53
4353,61
4354,40
4355,27
4356,38
4357,39
4358,39
4359,61
4360,45
4361,70
4362,46
4363,42
4364,41
4365,49
4366,20
4367,63
4368,32
4369,22
4370,29
4371,37
4372,33
4373,26
4374,46
4375,38
4376,26
4377,39
4378,42
4379,56
4380,46
4381,34
4382,34
4383,43
4384,39
4385,33
4386,33
4387,34
4388,51
4389,22
4390,38
4391,38
4392,24
4393,62
4394,55
4395,46
4396,35
4397,56
4398,44
4399,68
4400,54
4401,44
4402,29
4403,48
4404,49
4405,47
4406,39
4407,39
4408,65
4409,58
4410,35
4411,34
4412,55
4413,32
4414,42
4415,26
4416,23
4417,62
4418,24
4419,40
4420,41
4421,51
4422,40
4423,58
4424,55
4425,68
4426,44
4427,48
4428,26
4429,61
4430,34
4431,36
4432,45
4433,39
4434,39
4435,39
4436,38
4437,31
4438,63
4439,50
4440,61
4441,36
4442,33
4443,32
4444,56
4445,35
4446,43
4447,35
4448,45
4449,61
4450,41
4451,28
4452,51
4453,42
4454,56
4455,22
4456,49
4457,37
4458,32
4459,24
4460,35
4461,41
4462,72
4463,34
4464,28
4465,56
4466,42
4467,22
4468,61
4469,28
4470,25
4471,57
4472,54
4473,26
4474,43
4475,39
4476,34
4477,44
4478,41
4479,32
4480,54
4481,35
4482,30
4483,34
4484,39
4485,55
4486,46
4487,62
4488,26
4489,41
4490,64
4491,35
4492,67
4493,44
4494,31
4495,39
4496,39
4497,54
4498,47
4499,68
4500,52
4501,35
4502,42
4503,56
4504,36
4505,57
4506,60
4507,41
4508,43
4509,41
4510,28
4511,39
4512,39
4513,47
4514,36
4515,51
4516,34
4517,36
4518,39
4519,33
4520,57
4521,62
4522,30
4523,45
4524,34
4525,36
4526,46
4527,39
4528,56
4529,68
4530,38
4531,51
4532,54
4533,47
4534,31
4535,34
4536,67
4537,34
4538,69
4539,39
4540,23
4541,37
4542,20
4543,60
4544,62
4545,52
4546,58
4547,31
4548,67
4549,34
4550,39
4551,39
4552,28
4553,37
4554,46
4555,58
4556,29
4557,37
4558,45
4559,43
4560,33
4561,41
4562,63
4563,47
4564,32
4565,33
4566,34
4567,38
4568,38
4569,26
4570,48
4571,32
4572,24
4573,28
4574,49
4575,67
4576,23
4577,53
4578,47
4579,36
4580,33
4581,36
4582,40
4583,36
4584,47
4585,38
4586,50
4587,30
4588,44
4589,33
4590,39
4591,25
4592,49
4593,49
4594,62
4595,54
4596,37
4597,80
4598,35
4599,44
4600,65
4601,35
4602,37
4603,60
4604,35
4605,48
4606,54
4607,36
4608,47
4609,59
4610,66
4611,53
4612,44
4613,25
4614,41
4615,29
4616,38
4617,38
4618,46
4619,35
4620,36
4621,41
4622,35
4623,60
4624,46
4625,54
4626,64
4627,56
4628,49
4629,46
4630,48
4631,55
4632,37
4633,30
4634,30
4635,69
4636,64
4637,35
4638,38
4639,34
4640,27
4641,31
4642,29
4643,36
4644,48
4645,55
4646,31
4647,51
4648,49
4649,39
4650,44
4651,37
4652,36
4653,49
4654,47
4655,48
4656,28
4657,67
4658,51
4659,42
4660,20
4661,67
4662,39
4663,20
4664,38
4665,66
4666,33
4667,47
4668,29
4669,36
4670,46
4671,64
4672,36
4673,48
4674,40
4675,34
4676,38
4677,42
4678,58
4679,39
4680,41
4681,31
4682,37
4683,63
4684,31
4685,58
4686,39
4687,48
4688,36
4689,33
4690,45
4691,56
4692,58
4693,38
4694,48
4695,34
4696,53
4697,31
4698,50
4699,33
4700,41
4701,55
4702,29
4703,45
4704,35
4705,38
4706,29
4707,62
4708,56
4709,54
4710,39
4711,56
4712,22
4713,45
4714,33
4715,39
4716,39
4717,34
4718,48
4719,35
4720,70
4721,48
4722,41
4723,29
4724,32
4725,50
4726,29
4727,41
4728,45
4729,23
4730,58
4731,41
4732,30
4733,35
4734,29
4735,39
4736,26
4737,43
4738,32
4739,42
4740,61
4741,28
4742,25
4743,29
4744,24
4745,37
4746,35
4747,56
4748,41
4749,31
4750,52
4751,40
4752,35
4753,61
4754,59
4755,58
4756,35
4757,35
4758,47
4759,47
4760,35
4761,38
4762,35
4763,41
4764,41
4765,19
4766,52
4767,39
4768,40
4769,48
4770,58
4771,47
4772,37
4773,49
4774,73
4775,35
4776,47
4777,31
4778,58
4779,47
4780,45
4781,70
4782,48
4783,41
4784,46
4785,47
4786,63
4787,32
4788,63
4789,64
4790,50
4791,50
4792,37
4793,36
4794,39
4795,39
4796,43
4797,40
4798,62
4799,32
4800,28
4801,26
4802,40
4803,41
4804,61
4805,39
4806,69
4807,57
4808,44
4809,66
4810,35
4811,80
4812,46
4813,33
4814,29
4815,38
4816,59
4817,53
4818,46
4819,55
4820,25
4821,83
4822,74
4823,38
4824,45
4825,45
4826,27
4827,45
4828,69
4829,32
4830,35
4831,51
4832,30
4833,45
4834,34
4835,35
4836,34
4837,39
4838,50
4839,34
4840,52
4841,42
4842,35
4843,35
4844,51
4845,31
4846,37
4847,37
4848,46
4849,59
4850,45
4851,49
4852,43
4853,48
4854,43
4855,28
4856,48
4857,36
4858,42
4859,36
4860,30
4861,31
4862,39
4863,40
4864,53
4865,39
4866,42
4867,46
4868,59
4869,45
4870,53
4871,42
4872,43
4873,21
4874,69
4875,58
4876,43
4877,42
4878,41
4879,55
4880,39
4881,54
4882,67
4883,42
4884,60
4885,23
4886,49
4887,68
4888,48
4889,25
4890,43
4891,66
4892,43
4893,33
4894,39
4895,32
4896,52
4897,54
4898,38
4899,32
4900,32
4901,42
4902,60
4903,43
4904,28
4905,68
4906,38
4907,39
4908,39
4909,52
4910,53
4911,60
4912,39
4913,43
4914,43
4915,34
4916,33
4917,54
4918,41
4919,29
4920,38
4921,46
4922,55
4923,53
4924,26
4925,37
4926,40
4927,43
4928,64
4929,53
4930,35
4931,35
4932,62
4933,45
4934,50
4935,45
4936,55
4937,35
4938,47
4939,57
4940,48
4941,46
4942,52
4943,41
4944,57
4945,43
4946,45
4947,41
4948,44
4949,60
4950,34
4951,31
4952,57
4953,25
4954,53
4955,44
4956,48
4957,28
4958,34
4959,25
4960,36
4961,43
4962,36
4963,49
4964,48
4965,46
4966,33
4967,60
4968,33
4969,39
4970,32
4971,37
4972,57
4973,28
4974,39
4975,47
4976,36
4977,35
4978,61
4979,62
4980,36
4981,23
4982,23
4983,29
4984,73
4985,36
4986,31
4987,53
4988,37
4989,39
4990,39
4991,63
4992,30
4993,42
4994,43
4995,42
4996,41
4997,41
4998,42
4999,59
5000,29
5001,39
5002,41
5003,27
5004,48
5005,54
5006,67
5007,33
5008,29
5009,23
5010,48
5011,20
5012,76
5013,52
5014,36
5015,62
5016,27
5017,45
5018,74
5019,51
5020,53
5021,47
5022,35
5023,23
5024,45
5025,31
5026,38
5027,71
5028,43
5029,44
5030,37
5031,48
5032,22
5033,52
5034,50
5035,38
5036,36
5037,24
5038,59
5039,38
5040,37
5041,32
5042,43
5043,35
5044,60
5045,66
5046,23
5047,43
5048,43
5049,52
5050,36
5051,43
5052,36
5053,48
5054,46
5055,43
5056,34
5057,32
5058,46
5059,37
5060,57
5061,33
5062,70
5063,53
5064,45
5065,61
5066,52
5067,50
5068,38
5069,39
5070,39
5071,66
5072,40
5073,51
5074,44
5075,52
5076,64
5077,44
5078,58
5079,57
5080,38
5081,38
5082,36
5083,41
5084,32
5085,50
5086,65
5087,35
5088,38
5089,44
5090,62
5091,62
5092,39
5093,29
5094,44
5095,53
5096,34
5097,37
5098,50
5099,36
5100,62
5101,37
5102,41
5103,23
5104,35
5105,23
5106,37
5107,44
5108,49
5109,44
5110,55
5111,29
5112,52
5113,54
5114,38
5115,44
5116,47
5117,39
5118,36
5119,36
5120,35
5121,32
5122,38
5123,46
5124,49
5125,37
5126,26
5127,48
5128,49
5129,62
5130,39
5131,47
5132,52
5133,38
5134,44
5135,29
5136,46
5137,66
5138,29
5139,25
5140,62
5141,62
5142,26
5143,47
5144,20
5145,39
5146,66
5147,54
5148,59
5149,60
5150,65
5151,46
5152,37
5153,51
5154,47
5155,25
5156,25
5157,35
5158,43
5159,64
5160,32
5161,42
5162,66
5163,44
5164,52
5165,24
5166,42
5167,44
5168,37
5169,61
5170,37
5171,41
5172,55
5173,61
5174,60
5175,27
5176,32
5177,27
5178,46
5179,37
5180,39
5181,36
5182,58
5183,40
5184,52
5185,28
5186,54
5187,25
5188,53
5189,48
5190,65
5191,39
5192,32
5193,57
5194,45
5195,59
5196,26
5197,38
5198,24
5199,42
5200,69
5201,31
5202,38
5203,56
5204,46
5205,47
5206,34
5207,32
5208,63
5209,40
5210,34
5211,31
5212,39
5213,33
5214,32
5215,31
5216,44
5217,35
5218,25
5219,54
5220,42
5221,44
5222,57
5223,36
5224,33
5225,28
5226,33
5227,37
5228,37
5229,62
5230,51
5231,27
5232,30
5233,59
5234,36
5235,35
5236,39
5237,60
5238,31
5239,49
5240,35
5241,28
5242,60
5243,59
5244,29
5245,46
5246,35
5247,45
5248,38
5249,36
5250,30
5251,24
5252,66
5253,66
5254,48
5255,46
5256,22
5257,41
5258,27
5259,31
5260,34
5261,37
5262,47
5263,41
5264,25
5265,48
5266,29
5267,47
5268,40
5269,19
5270,33
5271,31
5272,32
5273,68
5274,50
5275,55
5276,33
5277,37
5278,54
5279,44
5280,67
5281,28
5282,30
5283,53
5284,33
5285,66
5286,32
5287,38
5288,41
5289,28
5290,59
5291,28
5292,68
5293,46
5294,48
5295,57
5296,58
5297,47
5298,24
5299,27
5300,62
5301,62
5302,33
5303,43
5304,49
5305,69
5306,45
5307,39
5308,63
5309,29
5310,43
5311,30
5312,32
5313,29
5314,29
5315,46
5316,55
5317,46
5318,29
5319,28
5320,38
5321,47
5322,47
5323,42
5324,43
5325,54
5326,60
5327,36
5328,36
5329,50
5330,24
5331,67
5332,63
5333,36
5334,28
5335,42
5336,24
5337,42
5338,49
5339,39
5340,29
5341,46
5342,31
5343,22
5344,38
5345,55
5346,49
5347,54
5348,36
5349,49
5350,24
5351,42
5352,43
5353,51
5354,61
5355,34
5356,39
5357,43
5358,34
5359,46
5360,58
5361,36
5362,38
5363,41
5364,50
5365,48
5366,48
5367,34
5368,61
5369,61
5370,31
5371,40
5372,61
5373,39
5374,39
5375,49
5376,42
5377,47
5378,47
5379,51
5380,46
5381,26
5382,33
5383,38
5384,43
5385,31
5386,44
5387,39
5388,39
5389,47
5390,28
5391,43
5392,44
5393,33
5394,46
5395,42
5396,31
5397,51
5398,29
5399,35
5400,43
5401,43
5402,79
5403,28
5404,56
5405,35
5406,41
5407,55
5408,38
5409,57
5410,53
5411,63
5412,40
5413,61
5414,41
5415,20
5416,41
5417,34
5418,24
5419,84
5420,38
5421,38
5422,38
5423,39
5424,39
5425,42
5426,37
5427,43
5428,30
5429,27
5430,52
5431,62
5432,39
5433,46
5434,68
5435,34
5436,48
5437,62
5438,22
5439,40
5440,42
5441,47
5442,69
5443,38
5444,61
5445,35
5446,52
5447,45
5448,34
5449,39
5450,34
5451,57
5452,45
5453,41
5454,29
5455,44
5456,41
5457,27
5458,43
5459,51
5460,54
5461,38
5462,33
5463,47
5464,36
5465,37
5466,39
5467,37
5468,34
5469,30
5470,39
5471,44
5472,31
5473,22
5474,36
5475,50
5476,44
5477,34
5478,48
5479,59
5480,62
5481,62
5482,42
5483,31
5484,58
5485,57
5486,43
5487,42
5488,39
5489,49
5490,56
5491,47
5492,44
5493,57
5494,44
5495,34
5496,25
5497,58
5498,37
5499,42
5500,33
5501,41
5502,50
5503,53
5504,55
5505,37
5506,53
5507,73
5508,59
5509,37
5510,36
5511,39
5512,49
5513,31
5514,39
5515,31
5516,35
5517,50
5518,34
5519,37
5520,24
5521,45
5522,53
5523,57
5524,52
5525,38
5526,57
5527,31
5528,42
5529,42
5530,31
5531,39
5532,35
5533,45
5534,39
5535,30
5536,33
5537,49
5538,26
5539,55
5540,35
5541,65
5542,35
5543,55
5544,36
5545,35
5546,29
5547,34
5548,46
5549,51
5550,33
5551,30
5552,59
5553,67
5554,34
5555,45
5556,32
5557,45
5558,59
5559,49
5560,40
5561,34
5562,39
5563,26
5564,34
5565,44
5566,48
5567,39
5568,34
5569,53
5570,48
5571,45
5572,44
5573,32
5574,36
5575,58
5576,29
5577,43
5578,35
5579,39
5580,58
5581,32
5582,46
5583,38
5584,44
5585,32
5586,36
5587,36
5588,50
5589,35
5590,42
5591,62
5592,52
5593,64
5594,39
5595,45
5596,48
5597,38
5598,56
5599,38
5600,40
5601,31
5602,56
5603,32
5604,74
5605,42
5606,39
5607,37
5608,61
5609,57
5610,39
5611,34
5612,55
5613,27
5614,48
5615,41
5616,33
5617,23
5618,32
5619,67
5620,53
5621,60
5622,60
5623,56
5624,44
5625,67
5626,36
5627,40
5628,39
5629,43
5630,42
5631,56
5632,26
5633,44
5634,31
5635,51
5636,39
5637,68
5638,33
5639,60
5640,23
5641,44
5642,56
5643,48
5644,48
5645,24
5646,48
5647,48
5648,57
5649,34
5650,66
5651,39
5652,57
5653,62
5654,34
5655,79
5656,48
5657,62
5658,34
5659,41
5660,41
5661,33
5662,40
5663,42
5664,48
5665,47
5666,49
5667,27
5668,43
5669,58
5670,38
5671,31
5672,49
5673,28
5674,41
5675,63
5676,26
5677,36
5678,35
5679,20
5680,41
5681,32
5682,33
5683,39
5684,45
5685,51
5686,65
5687,40
5688,54
5689,53
5690,33
5691,33
5692,41
5693,33
5694,29
5695,52
5696,31
5697,47
5698,53
5699,48
5700,60
5701,39
5702,62
5703,60
5704,37
5705,53
5706,30
5707,23
5708,61
5709,42
5710,38
5711,34
5712,62
5713,46
5714,49
5715,42
5716,38
5717,35
5718,35
5719,65
5720,31
5721,31
5722,38
5723,29
5724,46
5725,62
5726,62
5727,30
5728,29
5729,33
5730,39
5731,41
5732,28
5733,30
5734,38
5735,44
5736,39
5737,32
5738,24
5739,38
5740,32
5741,60
5742,35
5743,32
5744,33
5745,54
5746,44
5747,40
5748,27
5749,37
5750,33
5751,35
5752,44
5753,45
5754,38
5755,59
5756,35
5757,53
5758,45
5759,28
5760,40
5761,53
5762,36
5763,39
5764,40
5765,46
5766,36
5767,29
5768,22
5769,39
5770,47
5771,59
5772,61
5773,30
5774,36
5775,52
5776,34
5777,43
5778,68
5779,35
5780,37
5781,26
5782,30
5783,25
5784,28
5785,42
5786,47
5787,35
5788,33
5789,46
5790,23
5791,62
5792,41
5793,41
5794,29
5795,40
5796,39
5797,70
5798,39
5799,33
5800,56
5801,46
5802,47
5803,47
5804,34
5805,42
5806,29
5807,35
5808,26
5809,44
5810,54
5811,38
5812,27
5813,27
5814,41
5815,42
5816,32
5817,28
5818,42
5819,60
5820,48
5821,37
5822,37
5823,45
5824,49
5825,38
5826,45
5827,29
5828,55
5829,66
5830,39
5831,36
5832,33
5833,36
5834,45
5835,60
5836,60
5837,35
5838,57
5839,33
5840,38
5841,52
5842,63
5843,50
5844,36
5845,33
5846,45
5847,42
5848,36
5849,38
5850,62
5851,66
5852,60
5853,34
5854,39
5855,39
5856,52
5857,35
5858,68
5859,28
5860,43
5861,39
5862,37
5863,61
5864,38
5865,26
5866,31
5867,70
5868,45
5869,43
5870,44
5871,28
5872,38
5873,45
5874,33
5875,40
5876,36
5877,42
5878,35
5879,62
5880,62
5881,50
5882,33
5883,67
5884,66
5885,32
5886,46
5887,53
5888,35
5889,41
5890,40
5891,52
5892,20
5893,36
5894,26
5895,48
5896,32
5897,45
5898,83
5899,60
5900,53
5901,35
5902,41
5903,66
5904,49
5905,57
5906,32
5907,35
5908,33
5909,54
5910,39
5911,64
5912,46
5913,29
5914,67
5915,49
5916,36
5917,55
5918,37
5919,50
5920,32
5921,24
5922,57
5923,43
5924,34
5925,60
5926,39
5927,35
5928,39
5929,39
5930,32
5931,52
5932,58
5933,36
5934,54
5935,35
5936,35
5937,35
5938,33
5939,45
5940,46
5941,42
5942,68
5943,59
5944,51
5945,20
5946,49
5947,42
5948,54
5949,72
5950,46
5951,58
5952,32
5953,31
5954,44
5955,56
5956,27
5957,71
5958,45
5959,31
5960,54
5961,35
5962,49
5963,53
5964,56
5965,46
5966,28
5967,48
5968,52
5969,82
5970,53
5971,58
5972,31
5973,52
5974,31
5975,36
5976,40
5977,59
5978,35
5979,35
5980,19
5981,55
5982,38
5983,42
5984,35
5985,39
5986,39
5987,46
5988,46
5989,53
5990,24
5991,58
5992,38
5993,69
5994,69
5995,46
5996,39
5997,62
5998,37
5999,61
6000,28
6001,39
6002,47
6003,32
6004,61
6005,38
6006,40
6007,60
6008,38
6009,72
6010,34
6011,49
6012,34
6013,50
6014,35
6015,25
6016,42
6017,45
6018,24
6019,36
6020,44
6021,53
6022,58
6023,37
6024,31
6025,41
6026,50
6027,26
6028,23
6029,31
6030,32
6031,41
6032,29
6033,39
6034,29
6035,39
6036,57
6037,38
6038,45
6039,49
6040,35
6041,50
6042,32
6043,27
6044,27
6045,43
6046,32
6047,31
6048,35
6049,39
6050,48
6051,39
6052,38
6053,32
6054,68
6055,36
6056,56
6057,32
6058,37
6059,48
6060,65
6061,31
6062,32
6063,42
6064,37
6065,57
6066,20
6067,35
6068,27
6069,27
6070,56
6071,52
6072,41
6073,39
6074,34
6075,51
6076,37
6077,41
6078,39
6079,46
6080,36
6081,44
6082,44
6083,38
6084,42
6085,38
6086,47
6087,21
6088,67
6089,34
6090,40
6091,29
6092,34
6093,45
6094,37
6095,51
6096,54
6097,41
6098,41
6099,51
6100,54
6101,45
6102,70
6103,43
6104,51
6105,53
6106,38
6107,37
6108,37
6109,49
6110,52
6111,51
6112,49
6113,65
6114,27
6115,52
6116,40
6117,38
6118,41
6119,46
6120,29
6121,40
6122,66
6123,66
6124,51
6125,28
6126,40
6127,64
6128,46
6129,31
6130,46
6131,30
6132,63
6133,46
6134,31
6135,45
6136,41
6137,27
6138,51
6139,50
6140,36
6141,35
6142,37
6143,50
6144,60
6145,41
6146,47
6147,37
6148,40
6149,28
6150,73
6151,31
6152,38
6153,61
6154,57
6155,54
6156,24
6157,42
6158,48
6159,56
6160,50
6161,32
6162,35
6163,54
6164,51
6165,36
6166,30
6167,44
6168,54
6169,35
6170,34
6171,37
6172,35
6173,51
6174,40
6175,35
6176,35
6177,35
6178,33
6179,67
6180,45
6181,48
6182,60
6183,39
6184,39
6185,58
6186,37
6187,39
6188,66
6189,70
6190,63
6191,49
6192,49
6193,51
6194,43
6195,35
6196,38
6197,26
6198,56
6199,23
6200,73
6201,46
6202,47
6203,45
6204,39
6205,44
6206,64
6207,61
6208,55
6209,31
6210,60
6211,26
6212,37
6213,32
6214,21
6215,40
6216,40
6217,59
6218,31
6219,32
6220,36
6221,25
6222,62
6223,66
6224,45
6225,52
6226,37
6227,40
6228,55
6229,41
6230,43
6231,28
6232,57
6233,67
6234,37
6235,45
6236,53
6237,53
6238,64
6239,41
6240,39
6241,25
6242,29
6243,41
6244,37
6245,37
6246,57
6247,35
6248,28
6249,41
6250,32
6251,45
6252,53
6253,41
6254,29
6255,35
6256,30
6257,31
6258,50
6259,39
6260,37
6261,34
6262,34
6263,56
6264,37
6265,39
6266,34
6267,34
6268,36
6269,36
6270,44
6271,35
6272,35
6273,36
6274,46
6275,36
6276,43
6277,38
6278,34
6279,31
6280,56
6281,36
6282,48
6283,36
6284,46
6285,32
6286,37
6287,51
6288,46
6289,24
6290,49
6291,37
6292,38
6293,25
6294,70
6295,39
6296,65
6297,41
6298,38
6299,22
6300,45
6301,29
6302,48
6303,26
6304,32
6305,65
6306,48
6307,66
6308,34
6309,44
6310,54
6311,34
6312,48
6313,22
6314,54
6315,32
6316,39
6317,58
6318,36
6319,53
6320,33
6321,29
6322,41
6323,30
6324,62
6325,43
6326,46
6327,23
6328,44
6329,32
6330,54
6331,54
6332,45
6333,42
6334,32
6335,41
6336,40
6337,36
6338,37
6339,53
6340,33
6341,21
6342,63
6343,25
6344,21
6345,46
6346,37
6347,46
6348,62
6349,20
6350,41
6351,33
6352,38
6353,75
6354,23
6355,41
6356,46
6357,62
6358,66
6359,33
6360,31
6361,34
6362,53
6363,22
6364,48
6365,41
6366,57
6367,25
6368,47
6369,82
6370,59
6371,67
6372,83
6373,35
6374,36
6375,62
6376,34
6377,33
6378,26
6379,73
6380,23
6381,30
6382,50
6383,66
6384,66
6385,69
6386,22
6387,56
6388,22
6389,62
6390,34
6391,33
6392,62
6393,39
6394,33
6395,29
6396,61
6397,65
6398,50
6399,47
6400,26
6401,44
6402,49
6403,36
6404,59
6405,46
6406,36
6407,43
6408,22
6409,68
6410,60
6411,34
6412,53
6413,40
6414,44
6415,39
6416,54
6417,50
6418,78
6419,62
6420,37
6421,44
6422,28
6423,31
6424,42
6425,59
6426,29
6427,58
6428,50
6429,52
6430,33
6431,62
6432,56
6433,42
6434,40
6435,54
6436,67
6437,52
6438,31
6439,65
6440,31
6441,31
6442,37
6443,28
6444,29
6445,41
6446,20
6447,31
6448,39
6449,37
6450,38
6451,46
6452,55
6453,29
6454,56
6455,41
6456,62
6457,37
6458,56
6459,46
6460,39
6461,39
6462,60
6463,60
6464,55
6465,31
6466,59
6467,41
6468,57
6469,32
6470,81
6471,43
6472,43
6473,37
6474,56
6475,42
6476,48
6477,53
6478,56
6479,47
6480,60
6481,47
6482,43
6483,64
6484,65
6485,44
6486,38
6487,41
6488,64
6489,55
6490,42
6491,39
6492,38
6493,39
6494,49
6495,24
6496,45
6497,37
6498,56
6499,32
6500,59
6501,38
6502,44
6503,23
6504,47
6505,39
6506,46
6507,53
6508,27
6509,44
6510,28
6511,33
6512,66
6513,33
6514,31
6515,41
6516,72
6517,44
6518,38
6519,41
6520,46
6521,58
6522,30
6523,40
6524,34
6525,39
6526,37
6527,20
6528,44
6529,58
6530,28
6531,54
6532,48
6533,41
6534,54
6535,41
6536,39
6537,34
6538,33
6539,59
6540,46
6541,42
6542,26
6543,42
6544,32
6545,42
6546,44
6547,40
6548,37
6549,42
6550,68
6551,46
6552,24
6553,34
6554,38
6555,60
6556,33
6557,24
6558,45
6559,52
6560,44
6561,34
6562,21
6563,49
6564,49
6565,30
6566,28
6567,23
6568,34
6569,35
6570,61
6571,69
6572,49
6573,45
6574,44
6575,60
6576,38
6577,64
6578,32
6579,43
6580,56
6581,70
6582,40
6583,42
6584,61
6585,41
6586,39
6587,43
6588,33
6589,40
6590,39
6591,32
6592,41
6593,51
6594,34
6595,33
6596,33
6597,34
6598,35
6599,67
6600,41
6601,52
6602,41
6603,38
6604,28
6605,54
6606,33
6607,42
6608,63
6609,46
6610,38
6611,33
6612,57
6613,45
6614,20
6615,35
6616,42
6617,42
6618,31
6619,32
6620,46
6621,40
6622,42
6623,36
6624,52
6625,53
6626,25
6627,43
6628,36
6629,37
6630,50
6631,22
6632,34
6633,36
6634,40
6635,30
6636,52
6637,52
6638,33
6639,32
6640,41
6641,39
6642,43
6643,50
6644,56
6645,41
6646,23
6647,36
6648,35
6649,47
6650,49
6651,64
6652,29
6653,29
6654,56
6655,46
6656,41
6657,57
6658,56
6659,31
6660,43
6661,29
6662,46
6663,53
6664,30
6665,34
6666,24
6667,34
6668,35
6669,45
6670,33
6671,35
6672,34
6673,75
6674,33
6675,47
6676,40
6677,39
6678,38
6679,43
6680,46
6681,53
6682,46
6683,34
6684,41
6685,66
6686,49
6687,64
6688,62
6689,23
6690,44
6691,41
6692,39
6693,37
6694,26
6695,46
6696,72
6697,49
6698,40
6699,37
6700,23
6701,42
6702,35
6703,60
6704,48
6705,38
6706,53
6707,35
6708,51
6709,37
6710,58
6711,59
6712,48
6713,39
6714,52
6715,39
6716,62
6717,62
6718,62
6719,39
6720,58
6721,70
6722,39
6723,41
6724,54
6725,29
6726,39
6727,46
6728,41
6729,46
6730,49
6731,61
6732,30
6733,60
6734,64
6735,61
6736,36
6737,38
6738,45
6739,52
6740,39
6741,26
6742,53
6743,40
6744,69
6745,44
6746,23
6747,35
6748,42
6749,21
6750,29
6751,66
6752,27
6753,28
6754,51
6755,42
6756,36
6757,67
6758,57
6759,53
6760,70
6761,57
6762,60
6763,42
6764,65
6765,68
6766,31
6767,21
6768,32
6769,36
6770,36
6771,36
6772,39
6773,39
6774,61
6775,57
6776,50
6777,61
6778,26
6779,44
6780,28
6781,43
6782,52
6783,52
6784,39
6785,60
6786,61
6787,46
6788,39
6789,32
6790,38
6791,34
6792,27
6793,74
6794,61
6795,39
6796,60
6797,33
6798,29
6799,59
6800,53
6801,43
6802,25
6803,39
6804,43
6805,48
6806,37
6807,46
6808,62
6809,33
6810,56
6811,60
6812,62
6813,53
6814,25
6815,48
6816,38
6817,26
6818,37
6819,51
6820,47
6821,29
6822,53
6823,50
6824,64
6825,46
6826,39
6827,31
6828,39
6829,39
6830,39
6831,40
6832,61
6833,41
6834,35
6835,47
6836,54
6837,35
6838,44
6839,38
6840,47
6841,49
6842,31
6843,58
6844,35
6845,36
6846,37
6847,56
6848,44
6849,44
6850,39
6851,31
6852,34
6853,45
6854,53
6855,26
6856,70
6857,32
6858,45
6859,34
6860,61
6861,47
6862,46
6863,40
6864,45
6865,43
6866,28
6867,52
6868,34
6869,26
6870,45
6871,59
6872,59
6873,37
6874,37
6875,47
6876,47
6877,50
6878,43
6879,62
6880,62
6881,34
6882,31
6883,39
6884,55
6885,55
6886,36
6887,40
6888,39
6889,26
6890,29
6891,48
6892,35
6893,38
6894,59
6895,51
6896,46
6897,43
6898,34
6899,42
6900,26
6901,42
6902,90
6903,34
6904,66
6905,66
6906,33
6907,47
6908,38
6909,35
6910,85
6911,46
6912,58
6913,37
6914,31
6915,43
6916,37
6917,43
6918,46
6919,48
6920,34
6921,40
6922,35
6923,46
6924,50
6925,29
6926,55
6927,23
6928,64
6929,45
6930,50
6931,65
6932,42
6933,24
6934,56
6935,48
6936,62
6937,47
6938,61
6939,54
6940,61
6941,56
6942,41
6943,39
6944,59
6945,53
6946,39
6947,25
6948,38
6949,45
6950,32
6951,49
6952,35
6953,36
6954,62
6955,57
6956,37
6957,42
6958,54
6959,34
6960,39
6961,31
6962,31
6963,46
6964,41
6965,23
6966,32
6967,25
6968,53
6969,23
6970,29
6971,25
6972,39
6973,41
6974,50
6975,56
6976,61
6977,33
6978,36
6979,29
6980,51
6981,44
6982,46
6983,36
6984,37
6985,61
6986,41
6987,40
6988,47
6989,39
6990,31
6991,74
6992,42
6993,40
6994,49
6995,48
6996,53
6997,58
6998,23
6999,23
7000,22
7001,40
7002,38
7003,35
7004,47
7005,52
7006,29
7007,34
7008,36
7009,47
7010,70
7011,39
7012,53
7013,56
7014,26
7015,33
7016,27
7017,39
7018,51
7019,20
7020,41
7021,73
7022,30
7023,32
7024,39
7025,50
7026,35
7027,57
7028,40
7029,23
7030,35
7031,38
7032,28
7033,60
7034,27
7035,39
7036,46
7037,31
7038,56
7039,27
7040,52
7041,35
7042,35
7043,64
7044,30
7045,41
7046,65
7047,30
7048,49
7049,39
7050,40
7051,52
7052,28
7053,39
7054,20
7055,48
7056,26
7057,39
7058,45
7059,28
7060,23
7061,40
7062,34
7063,26
7064,40
7065,53
7066,27
7067,41
7068,52
7069,63
7070,37
7071,46
7072,39
7073,39
7074,29
7075,25
7076,61
7077,54
7078,63
7079,65
7080,45
7081,27
7082,41
7083,55
7084,37
7085,45
7086,36
7087,60
7088,40
7089,33
7090,34
7091,48
7092,46
7093,42
7094,41
7095,22
7096,31
7097,22
7098,42
7099,61
7100,30
7101,47
7102,39
7103,39
7104,48
7105,27
7106,40
7107,42
7108,35
7109,52
7110,34
7111,35
7112,42
7113,49
7114,56
7115,39
7116,32
7117,37
7118,42
7119,39
7120,26
7121,38
7122,27
7123,26
7124,37
7125,47
7126,25
7127,38
7128,40
7129,31
7130,42
7131,42
7132,43
7133,47
7134,46
7135,30
7136,48
7137,68
7138,32
7139,63
7140,48
7141,41
7142,66
7143,36
7144,41
7145,43
7146,42
7147,42
7148,49
7149,63
7150,30
7151,46
7152,32
7153,55
7154,47
7155,65
7156,62
7157,37
7158,65
7159,52
7160,64
7161,54
7162,55
7163,51
7164,52
7165,54
7166,31
7167,35
7168,60
7169,35
7170,40
7171,57
7172,48
7173,39
7174,61
7175,50
7176,22
7177,45
7178,46
7179,61
7180,47
7181,38
7182,35
7183,22
7184,37
7185,44
7186,29
7187,35
7188,49
7189,31
7190,64
7191,38
7192,40
7193,28
7194,39
7195,55
7196,65
7197,38
7198,20
7199,46
7200,63
7201,52
7202,69
7203,55
7204,34
7205,31
7206,43
7207,32
7208,36
7209,45
7210,30
7211,62
7212,36
7213,57
7214,43
7215,30
7216,28
7217,53
7218,44
7219,41
7220,30
7221,36
7222,37
7223,53
7224,56
7225,44
7226,45
7227,37
7228,32
7229,44
7230,32
7231,42
7232,58
7233,61
7234,46
7235,46
7236,33
7237,65
7238,42
7239,48
7240,35
7241,43
7242,53
7243,55
7244,24
7245,48
7246,37
7247,47
7248,57
7249,48
7250,42
7251,43
7252,65
7253,32
7254,68
7255,55
7256,65
7257,48
7258,32
7259,43
7260,28
7261,28
7262,30
7263,25
7264,25
7265,50
7266,38
7267,48
7268,35
7269,58
7270,48
7271,25
7272,34
7273,57
7274,40
7275,52
7276,58
7277,45
7278,29
7279,25
7280,46
7281,37
7282,43
7283,51
7284,60
7285,24
7286,38
7287,44
7288,62
7289,28
7290,23
7291,41
7292,46
7293,26
7294,27
7295,39
7296,41
7297,39
7298,40
7299,28
7300,31
7301,49
7302,51
7303,50
7304,25
7305,59
7306,36
7307,61
7308,54
7309,61
7310,30
7311,30
7312,39
7313,47
7314,42
7315,38
7316,48
7317,35
7318,35
7319,36
7320,44
7321,56
7322,47
7323,33
7324,62
7325,57
7326,37
7327,39
7328,38
7329,46
7330,46
7331,65
7332,41
7333,39
7334,54
7335,49
7336,46
7337,47
7338,39
7339,35
7340,52
7341,34
7342,45
7343,38
7344,25
7345,40
7346,42
7347,42
7348,66
7349,37
7350,26
7351,48
7352,65
7353,31
7354,55
7355,35
7356,26
7357,33
7358,36
7359,55
7360,56
7361,65
7362,23
7363,34
7364,57
7365,30
7366,44
7367,60
7368,50
7369,52
7370,27
7371,44
7372,28
7373,57
7374,56
7375,32
7376,53
7377,51
7378,46
7379,39
7380,26
7381,73
7382,23
7383,40
7384,60
7385,41
7386,28
7387,34
7388,30
7389,49
7390,33
7391,66
7392,45
7393,40
7394,26
7395,23
7396,40
7397,46
7398,43
7399,44
7400,31
7401,37
7402,43
7403,44
7404,44
7405,62
7406,33
7407,64
7408,31
7409,63
7410,40
7411,46
7412,20
7413,24
7414,36
7415,29
7416,50
7417,47
7418,33
7419,39
7420,39
7421,33
7422,40
7423,46
7424,58
7425,30
7426,29
7427,25
7428,66
7429,53
7430,43
7431,49
7432,55
7433,39
7434,28
7435,53
7436,70
7437,38
7438,36
7439,38
7440,22
7441,37
7442,42
7443,38
7444,32
7445,77
7446,51
7447,38
7448,28
7449,48
7450,59
7451,44
7452,64
7453,71
7454,28
7455,42
7456,31
7457,35
7458,37
7459,35
7460,62
7461,44
7462,30
7463,29
7464,48
7465,34
7466,46
7467,44
7468,55
7469,37
7470,42
7471,41
7472,61
7473,49
7474,36
7475,38
7476,51
7477,41
7478,31
7479,31
7480,59
7481,61
7482,50
7483,56
7484,59
7485,35
7486,33
7487,45
7488,50
7489,40
7490,65
7491,42
7492,56
7493,53
7494,33
7495,33
7496,58
7497,46
7498,28
7499,52
7500,39
7501,39
7502,26
7503,37
7504,46
7505,33
7506,43
7507,35
7508,40
7509,29
7510,43
7511,43
7512,31
7513,23
7514,32
7515,39
7516,43
7517,36
7518,40
7519,35
7520,35
7521,60
7522,49
7523,47
7524,45
7525,65
7526,46
7527,47
7528,35
7529,28
7530,79
7531,38
7532,53
7533,33
7534,57
7535,54
7536,51
7537,39
7538,51
7539,40
7540,35
7541,58
7542,45
7543,37
7544,94
7545,66
7546,48
7547,36
7548,64
7549,32
7550,41
7551,60
7552,40
7553,31
7554,35
7555,43
7556,26
7557,35
7558,50
7559,69
7560,55
7561,35
7562,48
7563,35
7564,41
7565,27
7566,31
7567,28
7568,42
7569,61
7570,46
7571,58
7572,52
7573,46
7574,33
7575,42
7576,25
7577,35
7578,63
7579,39
7580,53
7581,46
7582,43
7583,43
7584,31
7585,56
7586,74
7587,58
7588,38
7589,42
7590,26
7591,53
7592,68
7593,26
7594,36
7595,59
7596,43
7597,38
7598,33
7599,62
7600,46
7601,39
7602,39
7603,56
7604,55
7605,34
7606,42
7607,35
7608,44
7609,68
7610,40
7611,68
7612,53
7613,33
7614,69
7615,54
7616,36
7617,48
7618,46
7619,41
7620,61
7621,37
7622,40
7623,42
7624,63
7625,41
7626,67
7627,65
7628,50
7629,56
7630,31
7631,49
7632,25
7633,31
7634,36
7635,55
7636,46
7637,34
7638,61
7639,53
7640,57
7641,46
7642,40
7643,39
7644,25
7645,57
7646,39
7647,39
7648,54
7649,31
7650,41
7651,25
7652,39
7653,30
7654,52
7655,45
7656,53
7657,50
7658,29
7659,54
7660,41
7661,60
7662,37
7663,59
7664,64
7665,39
7666,35
7667,50
7668,48
7669,53
7670,29
7671,41
7672,46
7673,70
7674,53
7675,68
7676,39
7677,50
7678,30
7679,57
7680,35
7681,65
7682,22
7683,41
7684,53
7685,54
7686,49
7687,43
7688,23
7689,53
7690,35
7691,49
7692,44
7693,57
7694,56
7695,28
7696,50
7697,47
7698,53
7699,39
7700,52
7701,54
7702,26
7703,51
7704,25
7705,23
7706,47
7707,71
7708,27
7709,47
7710,62
7711,41
7712,25
7713,47
7714,67
7715,56
7716,29
7717,41
7718,26
7719,62
7720,56
7721,62
7722,50
7723,35
7724,58
7725,54
7726,64
7727,39
7728,46
7729,41
7730,58
7731,38
7732,54
7733,49
7734,42
7735,68
7736,62
7737,56
7738,36
7739,27
7740,33
7741,58
7742,38
7743,46
7744,28
7745,27
7746,61
7747,39
7748,58
7749,53
7750,32
7751,41
7752,56
7753,60
7754,57
7755,37
7756,34
7757,57
7758,54
7759,34
7760,39
7761,42
7762,31
7763,49
7764,83
7765,44
7766,57
7767,31
7768,42
7769,37
7770,63
7771,50
7772,52
7773,31
7774,40
7775,30
7776,40
7777,33
7778,55
7779,45
7780,40
7781,43
7782,39
7783,25
7784,51
7785,39
7786,59
7787,43
7788,38
7789,38
7790,50
7791,46
7792,70
7793,29
7794,47
7795,49
7796,41
7797,33
7798,36
7799,34
7800,53
7801,42
7802,35
7803,28
7804,42
7805,45
7806,53
7807,51
7808,48
7809,28
7810,39
7811,70
7812,34
7813,29
7814,20
7815,38
7816,60
7817,53
7818,39
7819,39
7820,33
7821,58
7822,61
7823,46
7824,70
7825,32
7826,31
7827,33
7828,30
7829,73
7830,83
7831,42
7832,40
7833,61
7834,46
7835,41
7836,60
7837,44
7838,57
7839,23
7840,66
7841,54
7842,35
7843,38
7844,31
7845,39
7846,39
7847,39
7848,37
7849,50
7850,39
7851,24
7852,67
7853,38
7854,32
7855,46
7856,27
7857,30
7858,46
7859,40
7860,64
7861,26
7862,42
7863,42
7864,50
7865,67
7866,40
7867,36
7868,39
7869,37
7870,33
7871,35
7872,46
7873,37
7874,37
7875,37
7876,28
7877,26
7878,65
7879,62
7880,67
7881,36
7882,60
7883,61
7884,60
7885,38
7886,50
7887,41
7888,37
7889,41
7890,36
7891,24
7892,43
7893,45
7894,35
7895,34
7896,28
7897,46
7898,35
7899,32
7900,69
7901,28
7902,35
7903,36
7904,33
7905,33
7906,45
7907,25
7908,55
7909,32
7910,47
7911,25
7912,43
7913,52
7914,50
7915,53
7916,34
7917,33
7918,41
7919,46
7920,27
7921,33
7922,36
7923,33
7924,53
7925,33
7926,36
7927,35
7928,68
7929,57
7930,22
7931,41
7932,38
7933,40
7934,48
7935,33
7936,55
7937,28
7938,60
7939,33
7940,35
7941,40
7942,60
7943,56
7944,32
7945,37
7946,41
7947,27
7948,64
7949,58
7950,28
7951,28
7952,41
7953,55
7954,49
7955,62
7956,39
7957,58
7958,35
7959,37
7960,45
7961,46
7962,35
7963,42
7964,56
7965,37
7966,45
7967,58
7968,39
7969,47
7970,34
7971,49
7972,25
7973,59
7974,86
7975,32
7976,37
7977,22
7978,55
7979,58
7980,54
7981,60
7982,54
7983,42
7984,34
7985,28
7986,49
7987,34
7988,20
7989,62
7990,39
7991,39
7992,42
7993,24
7994,37
7995,58
7996,58
7997,39
7998,35
7999,39
8000,52
8001,66
8002,46
8003,50
8004,52
8005,43
8006,68
8007,38
8008,31
8009,52
8010,50
8011,38
8012,48
8013,43
8014,34
8015,47
8016,71
8017,39
8018,27
8019,55
8020,50
8021,46
8022,48
8023,25
8024,47
8025,78
8026,35
8027,33
8028,69
8029,67
8030,41
8031,36
8032,53
8033,49
8034,49
8035,29
8036,44
8037,63
8038,55
8039,38
8040,40
8041,32
8042,24
8043,33
8044,49
8045,35
8046,52
8047,25
8048,49
8049,66
8050,33
8051,36
8052,37
8053,37
8054,41
8055,38
8056,36
8057,50
8058,31
8059,51
8060,31
8061,54
8062,38
8063,36
8064,58
8065,36
8066,49
8067,45
8068,50
8069,56
8070,40
8071,40
8072,57
8073,43
8074,25
8075,35
8076,44
8077,67
8078,35
8079,75
8080,53
8081,37
8082,44
8083,44
8084,47
8085,56
8086,43
8087,59
8088,43
8089,63
8090,39
8091,28
8092,53
8093,29
8094,55
8095,63
8096,69
8097,56
8098,53
8099,42
8100,65
8101,35
8102,32
8103,28
8104,36
8105,65
8106,39
8107,29
8108,46
8109,26
8110,33
8111,36
8112,67
8113,37
8114,51
8115,62
8116,60
8117,31
8118,44
8119,36
8120,51
8121,43
8122,36
8123,33
8124,36
8125,32
8126,39
8127,40
8128,49
8129,48
8130,59
8131,34
8132,51
8133,72
8134,35
8135,35
8136,52
8137,43
8138,47
8139,39
8140,31
8141,27
8142,31
8143,57
8144,36
8145,59
8146,54
8147,52
8148,80
8149,31
8150,52
8151,62
8152,36
8153,44
8154,54
8155,41
8156,37
8157,40
8158,60
8159,53
8160,31
8161,47
8162,62
8163,23
8164,33
8165,20
8166,32
8167,48
8168,33
8169,37
8170,46
8171,40
8172,53
8173,47
8174,47
8175,29
8176,44
8177,25
8178,37
8179,47
8180,25
8181,41
8182,31
8183,38
8184,27
8185,39
8186,60
8187,67
8188,63
8189,66
8190,50
8191,21
8192,32
8193,38
8194,24
8195,39
8196,66
8197,29
8198,44
8199,53
8200,26
8201,42
8202,20
8203,29
8204,53
8205,22
8206,36
8207,36
8208,29
8209,40
8210,49
8211,33
8212,36
8213,37
8214,45
8215,35
8216,28
8217,62
8218,55
8219,34
8220,53
8221,40
8222,42
8223,46
8224,34
8225,66
8226,32
8227,43
8228,31
8229,57
8230,33
8231,27
8232,35
8233,34
8234,56
8235,35
8236,32
8237,41
8238,35
8239,35
8240,41
8241,46
8242,34
8243,24
8244,31
8245,51
8246,32
8247,77
8248,61
8249,52
8250,60
8251,57
8252,63
8253,44
8254,37
8255,25
8256,48
8257,47
8258,44
8259,41
8260,38
8261,33
8262,43
8263,47
8264,35
8265,57
8266,35
8267,33
8268,39
8269,44
8270,42
8271,55
8272,44
8273,28
8274,47
8275,51
8276,69
8277,45
8278,56
8279,39
8280,39
8281,27
8282,43
8283,38
8284,60
8285,39
8286,33
8287,56
8288,29
8289,46
8290,28
8291,32
8292,46
8293,85
8294,22
8295,36
8296,21
8297,68
8298,47
8299,49
8300,41
8301,34
8302,47
8303,27
8304,50
8305,27
8306,42
8307,57
8308,30
8309,36
8310,34
8311,43
8312,31
8313,53
8314,29
8315,30
8316,48
8317,52
8318,36
8319,37
8320,51
8321,49
8322,64
8323,28
8324,49
8325,66
8326,36
8327,37
8328,22
8329,39
8330,46
8331,51
8332,39
8333,53
8334,62
8335,54
8336,39
8337,61
8338,35
8339,53
8340,30
8341,44
8342,40
8343,43
8344,63
8345,67
8346,46
8347,82
8348,59
8349,44
8350,76
8351,56
8352,26
8353,44
8354,46
8355,51
8356,51
8357,62
8358,38
8359,39
8360,31
8361,27
8362,41
8363,54
8364,69
8365,65
8366,44
8367,27
8368,31
8369,38
8370,55
8371,26
8372,25
8373,39
8374,35
8375,46
8376,41
8377,31
8378,46
8379,25
8380,27
8381,36
8382,55
8383,47
8384,31
8385,36
8386,37
8387,61
8388,38
8389,41
8390,45
8391,40
8392,28
8393,41
8394,41
8395,24
8396,34
8397,66
8398,35
8399,59
8400,36
8401,22
8402,32
8403,31
8404,31
8405,42
8406,34
8407,41
8408,41
8409,59
8410,37
8411,24
8412,25
8413,61
8414,31
8415,43
8416,23
8417,47
8418,33
8419,19
8420,28
8421,63
8422,27
8423,27
8424,27
8425,52
8426,27
8427,28
8428,30
8429,44
8430,39
8431,24
8432,35
8433,49
8434,46
8435,37
8436,64
8437,46
8438,51
8439,49
8440,36
8441,34
8442,20
8443,39
8444,64
8445,26
8446,39
8447,53
8448,41
8449,45
8450,45
8451,41
8452,57
8453,36
8454,54
8455,53
8456,41
8457,20
8458,49
8459,49
8460,39
8461,42
8462,30
8463,30
8464,39
8465,23
8466,48
8467,35
8468,32
8469,60
8470,32
8471,64
8472,50
8473,39
8474,31
8475,31
8476,35
8477,43
8478,38
8479,53
8480,56
8481,62
8482,39
8483,39
8484,30
8485,63
8486,48
8487,55
8488,59
8489,63
8490,37
8491,62
8492,49
8493,50
8494,66
8495,42
8496,66
8497,30
8498,29
8499,25
8500,55
8501,35
8502,40
8503,70
8504,63
8505,41
8506,48
8507,35
8508,44
8509,58
8510,48
8511,34
8512,52
8513,49
8514,36
8515,53
8516,30
8517,67
8518,52
8519,35
8520,50
8521,33
8522,54
8523,34
8524,54
8525,52
8526,77
8527,36
8528,33
8529,28
8530,72
8531,35
8532,34
8533,39
8534,49
8535,33
8536,41
8537,22
8538,55
8539,34
8540,41
8541,64
8542,47
8543,33
8544,56
8545,34
8546,26
8547,36
8548,44
8549,39
8550,56
8551,26
8552,54
8553,35
8554,26
8555,60
8556,65
8557,35
8558,34
8559,37
8560,32
8561,31
8562,60
8563,36
8564,41
8565,53
8566,56
8567,58
8568,28
8569,26
8570,27
8571,27
8572,23
8573,40
8574,26
8575,59
8576,35
8577,44
8578,59
8579,34
8580,66
8581,36
8582,23
8583,56
8584,50
8585,47
8586,38
8587,41
8588,28
8589,33
8590,62
8591,42
8592,32
8593,33
8594,52
8595,37
8596,32
8597,39
8598,57
8599,42
8600,42
8601,48
8602,52
8603,50
8604,42
8605,43
8606,46
8607,52
8608,35
8609,35
8610,51
8611,74
8612,34
8613,40
8614,23
8615,34
8616,31
8617,43
8618,56
8619,40
8620,38
8621,26
8622,42
8623,41
8624,48
8625,56
8626,51
8627,25
8628,73
8629,66
8630,65
8631,34
8632,36
8633,28
8634,39
8635,29
8636,46
8637,23
8638,35
8639,44
8640,26
8641,52
8642,26
8643,42
8644,34
8645,22
8646,30
8647,35
8648,32
8649,39
8650,56
8651,39
8652,34
8653,25
8654,40
8655,52
8656,60
8657,34
8658,62
8659,22
8660,49
8661,35
8662,36
8663,70
8664,37
8665,39
8666,36
8667,28
8668,33
8669,35
8670,43
8671,56
8672,35
8673,33
8674,34
8675,36
8676,32
8677,42
8678,44
8679,57
8680,46
8681,49
8682,36
8683,31
8684,34
8685,26
8686,31
8687,36
8688,78
8689,32
8690,47
8691,37
8692,42
8693,54
8694,35
8695,33
8696,54
8697,40
8698,46
8699,34
8700,22
8701,57
8702,53
8703,26
8704,33
8705,56
8706,62
8707,63
8708,66
8709,45
8710,54
8711,52
8712,35
8713,53
8714,37
8715,31
8716,31
8717,39
8718,27
8719,52
8720,34
8721,54
8722,37
8723,37
8724,32
8725,24
8726,36
8727,33
8728,54
8729,49
8730,44
8731,28
8732,28
8733,31
8734,34
8735,53
8736,62
8737,39
8738,33
8739,43
8740,38
8741,44
8742,47
8743,45
8744,41
8745,48
8746,66
8747,42
8748,29
8749,37
8750,52
8751,51
8752,66
8753,46
8754,60
8755,35
8756,36
8757,47
8758,41
8759,48
8760,41
8761,40
8762,45
8763,45
8764,42
8765,41
8766,43
8767,49
8768,29
8769,44
8770,44
8771,34
8772,42
8773,56
8774,42
8775,61
8776,45
8777,32
8778,41
8779,45
8780,56
8781,38
8782,53
8783,31
8784,39
8785,35
8786,50
8787,37
8788,39
8789,69
8790,58
8791,65
8792,41
8793,26
8794,47
8795,27
8796,33
8797,51
8798,32
8799,50
8800,43
8801,47
8802,71
8803,50
8804,39
8805,36
8806,41
8807,43
8808,27
8809,53
8810,34
8811,34
8812,53
8813,51
8814,41
8815,44
8816,37
8817,45
8818,57
8819,47
8820,47
8821,37
8822,35
8823,51
8824,24
8825,30
8826,33
8827,42
8828,48
8829,32
8830,49
8831,65
8832,48
8833,42
8834,45
8835,32
8836,32
8837,33
8838,58
8839,46
8840,53
8841,31
8842,39
8843,47
8844,46
8845,19
8846,56
8847,44
8848,38
8849,30
8850,64
8851,43
8852,45
8853,52
8854,28
8855,40
8856,29
8857,24
8858,55
8859,57
8860,65
8861,57
8862,39
8863,48
8864,39
8865,51
8866,29
8867,37
8868,46
8869,44
8870,39
8871,60
8872,41
8873,38
8874,57
8875,23
8876,44
8877,67
8878,39
8879,39
8880,26
8881,46
8882,47
8883,43
8884,54
8885,46
8886,34
8887,62
8888,65
8889,36
8890,36
8891,50
8892,30
8893,33
8894,65
8895,34
8896,37
8897,38
8898,46
8899,39
8900,37
8901,29
8902,65
8903,37
8904,36
8905,41
8906,52
8907,36
8908,50
8909,24
8910,57
8911,28
8912,21
8913,59
8914,37
8915,50
8916,65
8917,70
8918,38
8919,29
8920,48
8921,52
8922,39
8923,49
8924,60
8925,42
8926,35
8927,37
8928,29
8929,58
8930,53
8931,31
8932,37
8933,33
8934,44
8935,39
8936,29
8937,37
8938,28
8939,42
8940,33
8941,30
8942,31
8943,50
8944,54
8945,37
8946,35
8947,37
8948,53
8949,34
8950,68
8951,53
8952,23
8953,44
8954,35
8955,44
8956,51
8957,46
8958,53
8959,32
8960,51
8961,58
8962,31
8963,41
8964,39
8965,33
8966,29
8967,63
8968,40
8969,56
8970,34
8971,44
8972,57
8973,62
8974,59
8975,62
8976,59
8977,56
8978,44
8979,49
8980,30
8981,29
8982,25
8983,37
8984,29
8985,31
8986,56
8987,37
8988,35
8989,63
8990,41
8991,33
8992,37
8993,42
8994,73
8995,29
8996,48
8997,34
8998,57
8999,43
9000,38
9001,39
9002,25
9003,45
9004,32
9005,60
9006,22
9007,49
9008,37
9009,36
9010,33
9011,29
9012,41
9013,26
9014,29
9015,36
9016,28
9017,39
9018,29
9019,64
9020,26
9021,33
9022,34
9023,48
9024,64
9025,35
9026,30
9027,32
9028,29
9029,36
9030,32
9031,35
9032,35
9033,31
9034,35
9035,38
9036,24
9037,41
9038,56
9039,45
9040,37
9041,62
9042,51
9043,50
9044,46
9045,68
9046,70
9047,39
9048,23
9049,61
9050,46
9051,22
9052,39
9053,54
9054,25
9055,54
9056,44
9057,28
9058,47
9059,62
9060,46
9061,32
9062,42
9063,56
9064,22
9065,40
9066,62
9067,48
9068,32
9069,26
9070,45
9071,48
9072,52
9073,37
9074,37
9075,31
9076,41
9077,42
9078,52
9079,89
9080,48
9081,35
9082,29
9083,57
9084,48
9085,48
9086,26
9087,52
9088,31
9089,58
9090,66
9091,32
9092,36
9093,66
9094,64
9095,41
9096,30
9097,28
9098,45
9099,26
9100,57
9101,47
9102,57
9103,51
9104,49
9105,35
9106,28
9107,33
9108,30
9109,39
9110,80
9111,33
9112,54
9113,55
9114,33
9115,32
9116,58
9117,35
9118,50
9119,54
9120,29
9121,28
9122,51
9123,48
9124,48
9125,67
9126,42
9127,37
9128,37
9129,27
9130,42
9131,35
9132,68
9133,66
9134,41
9135,30
9136,31
9137,74
9138,54
9139,42
9140,30
9141,72
9142,42
9143,58
9144,37
9145,45
9146,44
9147,41
9148,23
9149,50
9150,35
9151,35
9152,33
9153,26
9154,73
9155,65
9156,41
9157,62
9158,32
9159,34
9160,31
9161,32
9162,62
9163,53
9164,39
9165,41
9166,26
9167,46
9168,51
9169,29
9170,32
9171,39
9172,54
9173,39
9174,57
9175,31
9176,24
9177,35
9178,34
9179,43
9180,32
9181,54
9182,37
9183,56
9184,26
9185,55
9186,46
9187,48
9188,55
9189,53
9190,27
9191,54
9192,29
9193,67
9194,36
9195,44
9196,41
9197,39
9198,44
9199,38
9200,35
9201,25
9202,51
9203,54
9204,38
9205,48
9206,35
9207,35
9208,36
9209,31
9210,33
9211,48
9212,49
9213,34
9214,45
9215,39
9216,59
9217,29
9218,40
9219,46
9220,31
9221,39
9222,39
9223,39
9224,39
9225,36
9226,34
9227,61
9228,30
9229,41
9230,59
9231,46
9232,38
9233,38
9234,63
9235,29
9236,62
9237,20
9238,56
9239,31
9240,83
9241,42
9242,34
9243,39
9244,32
9245,35
9246,40
9247,49
9248,53
9249,24
9250,46
9251,47
9252,46
9253,39
9254,42
9255,49
9256,33
9257,56
9258,35
9259,42
9260,69
9261,50
9262,29
9263,63
9264,69
9265,38
9266,41
9267,57
9268,48
9269,59
9270,25
9271,46
9272,43
9273,44
9274,56
9275,31
9276,58
9277,42
9278,52
9279,44
9280,43
9281,62
9282,39
9283,33
9284,21
9285,28
9286,38
9287,70
9288,55
9289,37
9290,44
9291,34
9292,37
9293,54
9294,43
9295,49
9296,33
9297,46
9298,28
9299,57
9300,54
9301,60
9302,52
9303,44
9304,56
9305,39
9306,31
9307,62
9308,38
9309,19
9310,49
9311,46
9312,53
9313,39
9314,39
9315,26
9316,33
9317,38
9318,46
9319,40
9320,27
9321,32
9322,32
9323,71
9324,38
9325,59
9326,33
9327,48
9328,99
9329,45
9330,47
9331,41
9332,43
9333,42
9334,48
9335,38
9336,40
9337,37
9338,70
9339,35
9340,42
9341,34
9342,49
9343,35
9344,38
9345,50
9346,35
9347,31
9348,36
9349,55
9350,38
9351,37
9352,56
9353,43
9354,36
9355,19
9356,30
9357,33
9358,34
9359,36
9360,54
9361,35
9362,48
9363,52
9364,70
9365,34
9366,53
9367,27
9368,44
9369,25
9370,32
9371,27
9372,50
9373,29
9374,29
9375,26
9376,55
9377,35
9378,28
9379,43
9380,38
9381,31
9382,54
9383,39
9384,42
9385,62
9386,41
9387,57
9388,29
9389,42
9390,27
9391,61
9392,35
9393,48
9394,37
9395,50
9396,39
9397,33
9398,25
9399,51
9400,36
9401,32
9402,28
9403,34
9404,41
9405,41
9406,35
9407,46
9408,31
9409,36
9410,41
9411,69
9412,22
9413,59
9414,45
9415,42
9416,33
9417,60
9418,29
9419,50
9420,45
9421,36
9422,26
9423,55
9424,58
9425,35
9426,27
9427,31
9428,53
9429,36
9430,38
9431,54
9432,51
9433,37
9434,41
9435,37
9436,39
9437,39
9438,41
9439,64
9440,32
9441,38
9442,42
9443,35
9444,47
9445,54
9446,40
9447,41
9448,34
9449,36
9450,50
9451,31
9452,44
9453,39
9454,36
9455,33
9456,49
9457,48
9458,40
9459,46
9460,66
9461,70
9462,57
9463,27
9464,41
9465,44
9466,33
9467,47
9468,53
9469,41
9470,51
9471,42
9472,46
9473,38
9474,54
9475,27
9476,27
9477,47
9478,44
9479,62
9480,39
9481,37
9482,32
9483,53
9484,55
9485,62
9486,42
9487,35
9488,36
9489,46
9490,35
9491,36
9492,51
9493,35
9494,63
9495,34
9496,41
9497,23
9498,34
9499,60
9500,30
9501,48
9502,42
9503,32
9504,58
9505,54
9506,66
9507,37
9508,50
9509,53
9510,39
9511,19
9512,39
9513,51
9514,51
9515,46
9516,42
9517,48
9518,60
9519,33
9520,43
9521,31
9522,34
9523,40
9524,29
9525,32
9526,31
9527,54
9528,71
9529,52
9530,22
9531,33
9532,54
9533,44
9534,57
9535,62
9536,31
9537,33
9538,24
9539,37
9540,46
9541,46
9542,41
9543,36
9544,58
9545,27
9546,38
9547,57
9548,28
9549,29
9550,70
9551,36
9552,33
9553,48
9554,44
9555,60
9556,29
9557,26
9558,28
9559,54
9560,60
9561,40
9562,35
9563,32
9564,44
9565,39
9566,57
9567,52
9568,45
9569,31
9570,36
9571,56
9572,62
9573,33
9574,72
9575,20
9576,51
9577,53
9578,44
9579,48
9580,44
9581,53
9582,49
9583,37
9584,26
9585,35
9586,30
9587,26
9588,43
9589,53
9590,33
9591,22
9592,47
9593,62
9594,53
9595,47
9596,46
9597,31
9598,62
9599,41
9600,56
9601,51
9602,35
9603,20
9604,39
9605,36
9606,48
9607,39
9608,39
9609,63
9610,29
9611,28
9612,29
9613,40
9614,48
9615,41
9616,62
9617,26
9618,55
9619,47
9620,53
9621,39
9622,35
9623,38
9624,24
9625,35
9626,43
9627,39
9628,19
9629,61
9630,47
9631,45
9632,39
9633,57
9634,60
9635,27
9636,56
9637,47
9638,46
9639,34
9640,65
9641,50
9642,39
9643,28
9644,42
9645,57
9646,47
9647,26
9648,37
9649,57
9650,35
9651,37
9652,36
9653,62
9654,28
9655,78
9656,52
9657,21
9658,31
9659,53
9660,30
9661,29
9662,23
9663,37
9664,53
9665,60
9666,34
9667,38
9668,20
9669,60
9670,24
9671,52
9672,40
9673,34
9674,28
9675,35
9676,39
9677,49
9678,33
9679,46
9680,46
9681,43
9682,29
9683,64
9684,52
9685,33
9686,37
9687,44
9688,47
9689,31
9690,56
9691,41
9692,40
9693,22
9694,47
9695,28
9696,62
9697,36
9698,26
9699,37
9700,60
9701,59
9702,25
9703,40
9704,75
9705,40
9706,60
9707,40
9708,56
9709,56
9710,39
9711,46
9712,48
9713,26
9714,47
9715,40
9716,49
9717,43
9718,57
9719,83
9720,44
9721,33
9722,30
9723,26
9724,48
9725,53
9726,23
9727,32
9728,56
9729,43
9730,19
9731,46
9732,65
9733,35
9734,62
9735,47
9736,49
9737,36
9738,43
9739,46
9740,50
9741,43
9742,54
9743,48
9744,49
9745,58
9746,43
9747,49
9748,48
9749,49
9750,56
9751,69
9752,28
9753,66
9754,59
9755,28
9756,66
9757,53
9758,39
9759,45
9760,42
9761,35
9762,38
9763,39
9764,34
9765,33
9766,35
9767,31
9768,23
9769,29
9770,48
9771,54
9772,19
9773,37
9774,43
9775,40
9776,54
9777,32
9778,39
9779,52
9780,48
9781,43
9782,30
9783,28
9784,57
9785,44
9786,37
9787,62
9788,33
9789,31
9790,39
9791,37
9792,39
9793,41
9794,33
9795,33
9796,23
9797,20
9798,42
9799,53
9800,32
9801,33
9802,50
9803,57
9804,31
9805,49
9806,53
9807,57
9808,31
9809,32
9810,26
9811,62
9812,37
9813,26
9814,31
9815,53
9816,41
9817,37
9818,39
9819,60
9820,26
9821,48
9822,41
9823,62
9824,47
9825,24
9826,59
9827,35
9828,44
9829,40
9830,44
9831,55
9832,49
9833,37
9834,35
9835,39
9836,45
9837,21
9838,31
9839,27
9840,45
9841,36
9842,46
9843,45
9844,40
9845,33
9846,53
9847,38
9848,60
9849,48
9850,38
9851,28
9852,34
9853,62
9854,37
9855,71
9856,31
9857,39
9858,30
9859,18
9860,37
9861,44
9862,46
9863,36
9864,37
9865,48
9866,24
9867,56
9868,38
9869,34
9870,40
9871,52
9872,27
9873,34
9874,54
9875,38
9876,50
9877,47
9878,83
9879,38
9880,60
9881,50
9882,32
9883,66
9884,26
9885,36
9886,52
9887,40
9888,30
9889,56
9890,57
9891,35
9892,23
9893,48
9894,37
9895,42
9896,46
9897,27
9898,37
9899,25
9900,33
9901,41
9902,46
9903,40
9904,35
9905,56
9906,42
9907,32
9908,42
9909,62
9910,47
9911,37
9912,39
9913,25
9914,57
9915,48
9916,46
9917,54
9918,34
9919,52
9920,42
9921,42
9922,28
9923,70
9924,34
9925,40
9926,61
9927,36
9928,31
9929,50
9930,38
9931,41
9932,60
9933,42
9934,59
9935,40
9936,40
9937,29
9938,28
9939,38
9940,43
9941,52
9942,39
9943,60
9944,22
9945,26
9946,52
9947,58
9948,43
9949,56
9950,45
9951,32
9952,42
9953,60
9954,46
9955,40
9956,52
9957,32
9958,56
9959,38
9960,31
9961,30
9962,35
9963,45
9964,43
9965,63
9966,57
9967,64
9968,26
9969,61
9970,36
9971,32
9972,54
9973,41
9974,65
9975,60
9976,29
9977,62
9978,54
9979,51
9980,48
9981,53
9982,22
9983,58
9984,68
9985,78
9986,44
9987,38
9988,26
9989,68
9990,25
9991,38
9992,35
9993,51
9994,39
9995,35
9996,65
9997,39
9998,40
9999,49
10000,62
10001,32
10002,63
10003,51
10004,59
10005,37
10006,54
10007,36
10008,46
10009,26
10010,42
10011,34
10012,47
10013,36
10014,42
10015,50
10016,37
10017,56
10018,53
10019,45
10020,31
10021,37
10022,58
10023,40
10024,34
10025,43
10026,42
10027,43
10028,66
10029,34
10030,47
10031,34
10032,57
10033,42
10034,36
10035,32
10036,38
10037,32
10038,38
10039,30
10040,51
10041,33
10042,36
10043,32
10044,49
10045,34
10046,36
10047,29
10048,64
10049,54
10050,44
10051,38
10052,65
10053,42
10054,37
10055,35
10056,33
10057,63
10058,24
10059,34
10060,46
10061,64
10062,56
10063,33
10064,36
10065,41
10066,39
10067,39
10068,29
10069,39
10070,48
10071,37
10072,35
10073,52
10074,21
10075,33
10076,40
10077,65
10078,31
10079,47
10080,34
10081,60
10082,39
10083,59
10084,70
10085,40
10086,83
10087,40
10088,56
10089,61
10090,48
10091,29
10092,45
10093,38
10094,22
10095,64
10096,48
10097,33
10098,45
10099,28
10100,56
10101,66
10102,50
10103,34
10104,45
10105,28
10106,36
10107,39
10108,39
10109,33
10110,47
10111,50
10112,47
10113,35
10114,36
10115,32
10116,43
10117,33
10118,27
10119,28
10120,47
10121,51
10122,61
10123,26
10124,48
10125,33
10126,37
10127,50
10128,35
10129,38
10130,62
10131,32
10132,27
10133,26
10134,30
10135,31
10136,57
10137,31
10138,28
10139,31
10140,66
10141,65
10142,22
10143,28
10144,48
10145,50
10146,37
10147,28
10148,28
10149,69
10150,37
10151,39
10152,25
10153,45
10154,64
10155,59
10156,61
10157,37
10158,47
10159,21
10160,57
10161,44
10162,82
10163,64
10164,44
10165,60
10166,67
10167,54
10168,25
10169,56
10170,34
10171,36
10172,46
10173,62
10174,39
10175,63
10176,51
10177,39
10178,42
10179,46
10180,37
10181,55
10182,49
10183,54
10184,31
10185,51
10186,53
10187,37
10188,67
10189,36
10190,36
10191,59
10192,35
10193,37
10194,52
10195,35
10196,28
10197,73
10198,47
10199,48
10200,52
10201,35
10202,47
10203,63
10204,54
10205,51
10206,37
10207,51
10208,27
10209,57
10210,50
10211,55
10212,32
10213,64
10214,35
10215,53
10216,38
10217,25
10218,66
10219,44
10220,37
10221,34
10222,51
10223,48
10224,26
10225,27
10226,57
10227,50
10228,59
10229,39
10230,42
10231,48
10232,19
10233,40
10234,38
10235,47
10236,42
10237,53
10238,20
10239,47
10240,62
10241,39
10242,77
10243,46
10244,38
10245,56
10246,39
10247,39
10248,47
10249,60
10250,33
10251,47
10252,41
10253,39
10254,50
10255,35
10256,38
10257,29
10258,55
10259,64
10260,52
10261,30
10262,63
10263,33
10264,48
10265,44
10266,43
10267,46
10268,31
10269,45
10270,58
10271,37
10272,75
10273,60
10274,48
10275,46
10276,37
10277,52
10278,43
10279,30
10280,47
10281,42
10282,53
10283,42
10284,73
10285,38
10286,51
10287,39
10288,52
10289,64
10290,33
10291,44
10292,44
10293,31
10294,28
10295,28
10296,39
10297,51
10298,36
10299,30
10300,30
10301,53
10302,36
10303,25
10304,34
10305,31
10306,31
10307,70
10308,66
10309,52
10310,34
10311,41
10312,46
10313,34
10314,28
10315,31
10316,44
10317,36
10318,58
10319,28
10320,26
10321,43
10322,41
10323,29
10324,29
10325,42
10326,27
10327,45
10328,51
10329,42
10330,32
10331,27
10332,65
10333,35
10334,65
10335,55
10336,27
10337,53
10338,59
10339,38
10340,57
10341,36
10342,39
10343,40
10344,26
10345,59
10346,41
10347,31
10348,61
10349,44
10350,32
10351,63
10352,41
10353,69
10354,47
10355,35
10356,56
10357,28
10358,48
10359,47
10360,59
10361,46
10362,66
10363,35
10364,64
10365,42
10366,52
10367,52
10368,43
10369,62
10370,46
10371,46
10372,22
10373,51
10374,63
10375,50
10376,42
10377,36
10378,44
10379,40
10380,45
10381,31
10382,44
10383,43
10384,29
10385,41
10386,28
10387,39
10388,32
10389,38
10390,24
10391,46
10392,29
10393,66
10394,44
10395,39
10396,39
10397,44
10398,35
10399,52
10400,36
10401,21
10402,59
10403,29
10404,28
10405,53
10406,47
10407,24
10408,39
10409,26
10410,42
10411,38
10412,52
10413,33
10414,39
10415,55
10416,53
10417,45
10418,38
10419,50
10420,67
10421,54
10422,50
10423,35
10424,24
10425,56
10426,35
10427,36
10428,37
10429,33
10430,24
10431,36
10432,63
10433,26
10434,64
10435,56
10436,39
10437,32
10438,81
10439,35
10440,67
10441,30
10442,46
10443,39
10444,52
10446,24
10447,32
10448,37
10449,25
10450,34
10451,30
10452,40
10453,35
10454,40
10455,56
10456,40
10457,51
10458,48
10459,46
10460,44
10461,44
10462,33
10463,54
10464,32
10465,60
10466,35
10467,37
10468,59
10469,50
10470,38
10471,31
10472,30
10473,46
10474,45
10475,29
10476,33
10477,56
10478,37
10479,32
10480,36
10481,50
10482,58
10483,27
10484,54
10485,32
10486,51
10487,32
10488,53
10489,43
10490,32
10491,32
10492,65
10493,44
10494,51
10495,55
10496,44
10497,29
10498,41
10499,37
10500,61
10501,32
10502,68
10503,32
10504,54
10505,63
10506,26
10507,48
10508,62
10509,60
10510,42
10511,36
10512,60
10513,47
10514,91
10515,50
10516,46
10517,49
10518,52
10519,59
10520,28
10521,40
10522,39
10523,53
10524,33
10525,46
10526,41
10527,63
10528,36
10529,38
10530,58
10531,64
10532,27
10533,42
10534,40
10535,33
10536,49
10537,58
10538,25
10539,36
10540,33
10541,34
10542,25
10543,53
10544,57
10545,34
10546,40
10547,61
10548,33
10549,50
10550,23
10551,21
10552,59
10553,37
10554,38
10555,32
10556,38
10557,41
10558,56
10559,70
10560,34
10561,60
10562,44
10563,38
10564,60
10565,64
10566,49
10567,38
10568,36
10569,48
10570,32
10571,49
10572,71
10573,56
10574,42
10575,42
10576,32
10577,29
10578,46
10579,46
10580,40
10581,45
10582,48
10583,28
10584,36
10585,60
10586,48
10587,45
10588,55
10589,39
10590,28
10591,49
10592,45
10593,38
10594,39
10595,42
10596,41
10597,41
10598,41
10599,50
10600,48
10601,47
10602,75
10603,59
10604,76
10605,56
10606,34
10607,31
10608,44
10609,25
10610,39
10611,39
10612,31
10613,54
10614,37
10615,47
10616,27
10617,33
10618,59
10619,36
10620,64
10621,51
10622,64
10623,48
10624,47
10625,23
10626,51
10627,36
10628,69
10629,30
10630,59
10631,29
10632,50
10633,37
10634,38
10635,49
10636,33
10637,28
10638,51
10639,23
10640,60
10641,34
10642,34
10643,27
10644,37
10645,27
10646,40
10647,31
10648,39
10649,38
10650,42
10651,40
10652,53
10653,55
10654,60
10655,49
10656,62
10657,37
10658,47
10659,40
10660,41
10661,45
10662,28
10663,39
10664,55
10665,25
10666,46
10667,37
10668,25
10669,36
10670,30
10671,23
10672,46
10673,51
10674,27
10675,36
10676,33
10677,47
10678,39
10679,61
10680,35
10681,41
10682,38
10683,31
10684,39
10685,23
10686,47
10687,33
10688,45
10689,26
10690,47
10691,39
10692,45
10693,24
10694,23
10695,53
10696,35
10697,62
10698,29
10699,49
10700,51
10701,31
10702,49
10703,57
10704,40
10705,29
10706,42
10707,25
10708,42
10709,34
10710,45
10711,34
10712,36
10713,41
10714,65
10715,49
10716,44
10717,42
10718,58
10719,38
10720,67
10721,33
10722,73
10723,37
10724,27
10725,24
10726,28
10727,49
10728,55
10729,62
10730,43
10731,62
10732,44
10733,60
10734,37
10735,54
10736,52
10737,31
10738,63
10739,29
10740,49
10741,42
10742,43
10743,46
10744,41
10745,51
10746,40
10747,31
10748,70
10749,57
10750,48
10751,35
10752,35
10753,43
10754,72
10755,57
10756,46
10757,42
10758,38
10759,45
10760,39
10761,37
10762,63
10763,40
10764,37
10765,30
10766,32
10767,39
10768,34
10769,34
10770,46
10771,22
10772,40
10773,37
10774,26
10775,50
10776,26
10777,39
10778,51
10779,20
10780,64
10781,34
10782,55
10783,43
10784,42
10785,52
10786,41
10787,23
10788,31
10789,38
10790,32
10791,67
10792,39
10793,35
10794,30
10795,41
10796,21
10797,46
10798,40
10799,23
10800,43
10801,49
10802,48
10803,26
10804,29
10805,56
10806,50
10807,31
10808,52
10809,58
10810,31
10811,33
10812,26
10813,35
10814,39
10815,52
10816,83
10817,64
10818,39
10819,47
10820,44
10821,41
10822,65
10823,66
10824,46
10825,57
10826,33
10827,56
10828,39
10829,53
10830,40
10831,46
10832,58
10833,20
10834,54
10835,39
10836,77
10837,24
10838,24
10839,59
10840,47
10841,40
10842,45
10843,38
10844,66
10845,38
10846,41
10847,40
10848,19
10849,42
10850,64
10851,26
10852,58
10853,54
10854,32
10855,31
10856,31
10857,44
10858,43
10859,36
10860,57
10861,45
10862,33
10863,63
10864,30
10865,28
10866,26
10867,28
10868,40
10869,34
10870,65
10871,41
10872,56
10873,28
10874,26
10875,28
10876,75
10877,61
10878,58
10879,44
10880,35
10881,27
10882,41
10883,31
10884,31
10885,26
10886,59
10887,56
10888,38
10889,63
10890,32
10891,23
10892,63
10893,70
10894,21
10895,64
10896,34
10897,83
10898,63
10899,30
10900,40
10901,35
10902,34
10903,56
10904,39
10905,39
10906,47
10907,29
10908,31
10909,50
10910,21
10911,47
10912,42
10913,27
10914,35
10915,51
10916,26
10917,71
10918,35
10919,25
10920,33
10921,30
10922,59
10923,41
10924,39
10925,62
10926,23
10927,65
10928,40
10929,52
10930,35
10931,62
10932,49
10933,34
10934,44
10935,54
10936,43
10937,57
10938,48
10939,35
10940,62
10941,43
10942,33
10943,73
10944,25
10945,36
10946,55
10947,62
10948,52
10949,47
10950,46
10951,39
10952,41
10953,39
10954,33
10955,40
10956,58
10957,39
10958,37
10959,31
10960,32
10961,33
10962,29
10963,31
10964,43
10965,57
10966,34
10967,39
10968,42
10969,30
10970,32
10971,30
10972,19
10973,52
10974,64
10975,46
10976,26
10977,35
10978,20
10979,37
10980,60
10981,36
10982,39
10983,36
10984,25
10985,27
10986,59
10987,55
10988,44
10989,30
10990,38
10991,48
10992,33
10993,53
10994,37
10995,45
10996,60
10997,41
10998,42
10999,47
11000,49
11001,65
11002,35
11003,42
11004,35
11005,59
11006,34
11007,52
11008,26
11009,50
11010,41
11011,43
11012,39
11013,37
11014,39
11015,46
11016,67
11017,41
11018,44
11019,29
11020,48
11021,57
11022,34
11023,29
11024,38
11025,52
11026,44
11027,49
11028,47
11029,60
11030,62
11031,61
11032,20
11033,26
11034,46
11035,38
11036,34
11037,53
11038,22
11039,48
11040,49
11041,62
11042,32
11043,41
11044,34
11045,25
11046,22
11047,62
11048,43
11049,38
11050,52
11051,53
11052,41
11053,55
11054,32
11055,51
11056,43
11057,25
11058,61
11059,35
11060,39
11061,42
11062,30
11063,65
11064,52
11065,48
11066,24
11067,52
11068,26
11069,52
11070,64
11071,51
11072,48
11073,37
11074,36
11075,45
11076,32
11077,39
11078,47
11079,44
11080,36
11081,66
11082,39
11083,39
11084,38
11085,46
11086,63
11087,45
11088,34
11089,41
11090,45
11091,53
11092,35
11093,43
11094,45
11095,48
11096,49
11097,43
11098,34
11099,39
11100,55
11101,29
11102,49
11103,36
11104,57
11105,61
11106,55
11107,42
11108,29
11109,50
11110,63
11111,29
11112,60
11113,38
11114,40
11115,40
11116,41
11117,27
11118,39
11119,26
11120,52
11121,46
11122,45
11123,53
11124,35
11125,54
11126,45
11127,33
11128,34
11129,37
11130,53
11131,42
11132,66
11133,31
11134,58
11135,60
11136,58
11137,44
11138,43
11139,38
11140,66
11141,60
11142,62
11143,50
11144,63
11145,33
11146,36
11147,53
11148,56
11149,47
11150,45
11151,35
11152,44
11153,39
11154,39
11155,64
11156,39
11157,52
11158,45
11159,36
11160,62
11161,53
11162,49
11163,38
11164,40
11165,57
11166,49
11167,40
11168,35
11169,47
11170,58
11171,53
11172,32
11173,49
11174,54
11175,49
11176,51
11177,39
11178,41
11179,48
11180,27
11181,70
11182,61
11183,58
11184,35
11185,35
11186,29
11187,32
11188,62
11189,38
11190,34
11191,48
11192,46
11193,60
11194,63
11195,60
11196,67
11197,37
11198,39
11199,22
11200,68
11201,40
11202,36
11203,44
11204,59
11205,37
11206,43
11207,33
11208,40
11209,46
11210,38
11211,50
11212,47
11213,56
11214,53
11215,38
11216,49
11217,41
11218,39
11219,49
11220,31
11221,30
11222,58
11223,65
11224,39
11225,46
11226,49
11227,52
11228,57
11229,57
11230,23
11231,22
11232,34
11233,34
11234,25
11235,32
11236,23
11237,31
11238,45
11239,39
11240,39
11241,35
11242,58
11243,44
11244,58
11245,41
11246,41
11247,33
11248,39
11249,42
11250,37
11251,37
11252,34
11253,31
11254,56
11255,45
11256,49
11257,38
11258,47
11259,48
11260,21
11261,30
11262,20
11263,57
11264,53
11265,40
11266,53
11267,29
11268,41
11269,51
11270,31
11271,49
11272,42
11273,36
11274,33
11275,45
11276,33
11277,74
11278,46
11279,66
11280,53
11281,55
11282,39
11283,56
11284,62
11285,46
11286,39
11287,53
11288,31
11289,41
11290,55
11291,37
11292,32
11293,46
11294,32
11295,52
11296,53
11297,31
11298,48
11299,56
11300,50
11301,36
11302,40
11303,36
11304,46
11305,53
11306,46
11307,49
11308,43
11309,55
11310,66
11311,40
11312,40
11313,58
11314,46
11315,67
11316,37
11317,22
11318,45
11319,25
11320,51
11321,38
11322,41
11323,50
11324,60
11325,31
11326,33
11327,44
11328,24
11329,60
11330,49
11331,31
11332,43
11333,35
11334,33
11335,40
11336,41
11337,54
11338,47
11339,33
11340,55
11341,45
11342,31
11343,31
11344,41
11345,34
11346,38
11347,47
11348,59
11349,36
11350,53
11351,41
11352,54
11353,45
11354,44
11355,65
11356,58
11357,43
11358,36
11359,48
11360,24
11361,55
11362,33
11363,59
11364,52
11365,44
11366,29
11367,26
11368,62
11369,41
11370,22
11371,25
11372,42
11373,26
11374,39
11375,38
11376,36
11377,52
11378,35
11379,36
11380,40
11381,32
11382,55
11383,38
11384,38
11385,41
11386,64
11387,40
11388,45
11389,62
11390,52
11391,43
11392,31
11393,57
11394,49
11395,46
11396,51
11397,26
11398,46
11399,45
11400,44
11401,48
11402,48
11403,45
11404,36
11405,48
11406,75
11407,44
11408,29
11409,24
11410,42
11411,28
11412,33
11413,37
11414,33
11415,48
11416,65
11417,35
11418,47
11419,26
11420,38
11421,31
11422,48
11423,23
11424,47
11425,41
11426,42
11427,37
11428,47
11429,40
11430,41
11431,33
11432,50
11433,39
11434,39
11435,31
11436,48
11437,55
11438,41
11439,34
11440,71
11441,35
11442,69
11443,53
11444,39
11445,60
11446,60
11447,48
11448,46
11449,26
11450,46
11451,37
11452,23
11453,41
11454,33
11455,40
11456,28
11457,47
11458,47
11459,30
11460,50
11461,48
11462,48
11463,48
11464,51
11465,48
11466,43
11467,53
11468,43
11469,51
11470,37
11471,80
11472,34
11473,57
11474,51
11475,42
11476,35
11477,45
11478,36
11479,37
11480,42
11481,47
11482,30
11483,53
11484,26
11485,31
11486,56
11487,57
11488,35
11489,53
11490,48
11491,69
11492,50
11493,33
11494,50
11495,52
11496,40
11497,43
11498,34
11499,24
11500,45
11501,39
11502,45
11503,39
11504,32
11505,33
11506,42
11507,47
11508,39
11509,39
11510,28
11511,47
11512,28
11513,36
11514,51
11515,40
11516,28
11517,26
11518,44
11519,29
11520,34
11521,27
11522,54
11523,24
11524,63
11525,45
11526,36
11527,27
11528,43
11529,49
11530,45
11531,33
11532,53
11533,47
11534,51
11535,30
11536,55
11537,54
11538,34
11539,44
11540,67
11541,70
11542,37
11543,53
11544,45
11545,27
11546,44
11547,51
11548,26
11549,41
11550,30
11551,63
11552,27
11553,26
11554,56
11555,56
11556,36
11557,32
11558,60
11559,40
11560,34
11561,24
11562,33
11563,48
11564,30
11565,62
11566,58
11567,61
11568,54
11569,40
11570,38
11571,39
11572,39
11573,30
11574,46
11575,59
11576,44
11577,43
11578,61
11579,31
11580,50
11581,34
11582,49
11583,59
11584,64
11585,35
11586,32
11587,37
11588,39
11589,26
11590,45
11591,28
11592,61
11593,55
11594,34
11595,45
11596,22
11597,38
11598,44
11599,35
11600,36
11601,37
11602,35
11603,33
11604,57
11605,32
11606,31
11607,38
11608,30
11609,59
11610,41
11611,27
11612,66
11613,52
11614,41
11615,53
11616,48
11617,42
11618,91
11619,29
11620,46
11621,41
11622,34
11623,36
11624,41
11625,53
11626,42
11627,53
11628,66
11629,61
11630,50
11631,50
11632,34
11633,37
11634,51
11635,35
11636,39
11637,43
11638,34
11639,24
11640,29
11641,40
11642,38
11643,30
11644,46
11645,35
11646,44
11647,55
11648,26
11649,34
11650,37
11651,43
11652,35
11653,36
11654,45
11655,41
11656,42
11657,27
11658,30
11659,44
11660,56
11661,29
11662,26
11663,44
11664,40
11665,44
11666,42
11667,60
11668,30
11669,37
11670,37
11671,34
11672,28
11673,25
11674,47
11675,58
11676,38
11677,45
11678,29
11679,35
11680,26
11681,36
11682,39
11683,34
11684,32
11685,53
11686,41
11687,91
11688,45
11689,32
11690,34
11691,32
11692,36
11693,34
11694,47
11695,25
11696,76
11697,63
11698,64
11699,50
11700,38
11701,64
11702,50
11703,55
11704,31
11705,31
11706,39
11707,42
11708,32
11709,60
11710,40
11711,26
11712,53
11713,39
11714,55
11715,57
11716,31
11717,34
11718,45
11719,29
11720,40
11721,39
11722,61
11723,44
11724,30
11725,48
11726,50
11727,62
11728,38
11729,40
11730,45
11731,64
11732,63
11733,64
11734,53
11735,36
11736,27
11737,37
11738,59
11739,45
11740,42
11741,41
11742,24
11743,39
11744,29
11745,32
11746,35
11747,52
11748,38
11749,72
11750,64
11751,25
11752,35
11753,42
11754,54
11755,37
11756,32
11757,37
11758,34
11759,45
11760,37
11761,64
11762,32
11763,35
11764,56
11765,28
11766,26
11767,39
11768,42
11769,35
11770,22
11771,67
11772,26
11773,25
11774,34
11775,39
11776,38
11777,34
11778,34
11779,32
11780,34
11781,56
11782,62
11783,43
11784,46
11785,47
11786,28
11787,57
11788,35
11789,48
11790,32
11791,28
11792,48
11793,26
11794,36
11795,39
11796,39
11797,40
11798,43
11799,29
11800,44
11801,25
11802,30
11803,35
11804,56
11805,67
11806,83
11807,53
11808,40
11809,35
11810,42
11811,39
11812,66
11813,60
11814,36
11815,41
11816,53
11817,46
11818,62
11819,38
11820,22
11821,60
11822,34
11823,32
11824,58
11825,23
11826,35
11827,31
11828,33
11829,57
11830,57
11831,29
11832,45
11833,20
11834,30
11835,53
11836,47
11837,73
11838,39
11839,39
11840,66
11841,33
11842,40
11843,37
11844,65
11845,64
11846,32
11847,34
11848,65
11849,34
11850,48
11851,61
11852,69
11853,35
11854,35
11855,57
11856,44
11857,33
11858,45
11859,31
11860,45
11861,33
11862,48
11863,54
11864,30
11865,57
11866,39
11867,34
11868,61
11869,39
11870,30
11871,54
11872,56
11873,44
11874,37
11875,25
11876,48
11877,30
11878,46
11879,25
11880,36
11881,45
11882,35
11883,37
11884,66
11885,42
11886,64
11887,49
11888,23
11889,43
11890,57
11891,49
11892,39
11893,39
11894,40
11895,44
11896,37
11897,65
11898,20
11899,26
11900,41
11901,43
11902,37
11903,66
11904,34
11905,26
11906,58
11907,47
11908,34
11909,24
11910,45
11911,30
11912,34
11913,52
11914,35
11915,56
11916,36
11917,62
11918,40
11919,48
11920,53
11921,69
11922,56
11923,21
11924,28
11925,56
11926,41
11927,33
11928,37
11929,33
11930,35
11931,30
11932,41
11933,39
11934,62
11935,48
11936,64
11937,42
11938,35
11939,39
11940,39
11941,69
11942,34
11943,47
11944,70
11945,37
11946,37
11947,20
11948,47
11949,25
11950,43
11951,65
11952,54
11953,37
11954,50
11955,52
11956,43
11957,49
11958,33
11959,35
11960,55
11961,52
11962,25
11963,52
11964,41
11965,36
11966,36
11967,47
11968,42
11969,38
11970,33
11971,35
11972,61
11973,56
11974,36
11975,47
11976,48
11977,21
11978,66
11979,43
11980,38
11981,37
11982,41
11983,22
11984,75
11985,43
11986,41
11987,49
11988,36
11989,40
11990,53
11991,35
11992,43
11993,36
11994,41
11995,60
11996,42
11997,36
11998,46
11999,33
12000,39
12001,48
12002,44
12003,34
12004,26
12005,44
12006,39
12007,32
12008,35
12009,35
12010,24
12011,59
12012,32
12013,75
12014,58
12015,65
12016,56
12017,40
12018,51
12019,29
12020,51
12021,40
12022,32
12023,42
12024,27
12025,64
12026,66
12027,66
12028,27
12029,38
12030,35
12031,49
12032,66
12033,64
12034,63
12035,28
12036,53
12037,62
12038,36
12039,51
12040,34
12041,30
12042,77
12043,46
12044,28
12045,37
12046,42
12047,39
12048,39
12049,27
12050,34
12051,35
12052,36
12053,26
12054,43
12055,45
12056,45
12057,51
12058,34
12059,53
12060,43
12061,36
12062,52
12063,31
12064,52
12065,53
12066,35
12067,41
12068,38
12069,43
12070,53
12071,47
12072,43
12073,27
12074,39
12075,60
12076,60
12077,57
12078,49
12079,41
12080,56
12081,47
12082,56
12083,41
12084,27
12085,62
12086,39
12087,31
12088,31
12089,37
12090,39
12091,55
12092,30
12093,50
12094,21
12095,41
12096,42
12097,39
12098,39
12099,34
12100,35
12101,52
12102,29
12103,48
12104,49
12105,43
12106,50
12107,70
12108,36
12109,42
12110,43
12111,51
12112,40
12113,23
12114,58
12115,37
12116,56
12117,51
12118,46
12119,37
12120,34
12121,43
12122,72
12123,39
12124,41
12125,42
12126,39
12127,35
12128,66
12129,34
12130,62
12131,47
12132,35
12133,48
12134,53
12135,24
12136,40
12137,40
12138,25
12139,49
12140,38
12141,24
12142,30
12143,45
12144,51
12145,34
12146,66
12147,41
12148,42
12149,39
12150,33
12151,43
12152,43
12153,41
12154,53
12155,60
12156,36
12157,37
12158,42
12159,22
12160,26
12161,62
12162,29
12163,39
12164,38
12165,43
12166,54
12167,66
12168,66
12169,40
12170,29
12171,34
12172,66
12173,75
12174,49
12175,48
12176,39
12177,39
12178,39
12179,29
12180,57
12181,48
12182,80
12183,59
12184,65
12185,33
12186,37
12187,26
12188,65
12189,55
12190,39
12191,35
12192,32
12193,37
12194,48
12195,38
12196,44
12197,49
12198,29
12199,39
12200,68
12201,52
12202,27
12203,33
12204,32
12205,55
12206,40
12207,20
12208,51
12209,57
12210,36
12211,56
12212,43
12213,39
12214,52
12215,57
12216,31
12217,47
12218,32
12219,47
12220,41
12221,34
12222,28
12223,34
12224,34
12225,29
12226,42
12227,51
12228,43
12229,37
12230,39
12231,44
12232,44
12233,38
12234,34
12235,33
12236,35
12237,35
12238,60
12239,29
12240,78
12241,25
12242,50
12243,35
12244,36
12245,38
12246,84
12247,61
12248,39
12249,32
12250,52
12251,32
12252,54
12253,65
12254,64
12255,41
12256,28
12257,50
12258,34
12259,69
12260,44
12261,34
12262,54
12263,37
12264,48
12265,33
12266,35
12267,22
12268,54
12269,33
12270,48
12271,32
12272,45
12273,36
12274,37
12275,66
12276,39
12277,62
12278,42
12279,35
12280,46
12281,39
12282,35
12283,55
12284,38
12285,52
12286,36
12287,37
12288,25
12289,53
12290,35
12291,42
12292,34
12293,57
12294,32
12295,33
12296,64
12297,37
12298,36
12299,46
12300,58
12301,69
12302,50
12303,65
12304,66
12305,37
12306,69
12307,48
12308,31
12309,30
12310,43
12311,71
12312,57
12313,59
12314,37
12315,39
12316,34
12317,38
12318,74
12319,31
12320,56
12321,43
12322,43
12323,63
12324,45
12325,20
12326,34
12327,36
12328,23
12329,36
12330,39
12331,35
12332,37
12333,34
12334,32
12335,65
12336,52
12337,25
12338,64
12339,65
12340,38
12341,59
12342,53
12343,48
12344,61
12345,45
12346,26
12347,35
12348,34
12349,48
12350,20
12351,43
12352,39
12353,34
12354,27
12355,27
12356,30
12357,47
12358,32
12359,34
12360,37
12361,51
12362,38
12363,41
12364,37
12365,83
12366,26
12367,46
12368,25
12369,33
12370,40
12371,40
12372,46
12373,55
12374,34
12375,46
12376,56
12377,27
12378,33
12379,33
12380,44
12381,54
12382,26
12383,54
12384,43
12385,46
12386,27
12387,31
12388,23
12389,36
12390,54
12391,33
12392,59
12393,52
12394,28
12395,23
12396,33
12397,33
12398,71
12399,54
12400,39
12401,29
12402,69
12403,28
12404,45
12405,52
12406,42
12407,43
12408,23
12409,34
12410,27
12411,52
12412,40
12413,44
12414,21
12415,59
12416,65
12417,57
12418,46
12419,39
12420,40
12421,35
12422,35
12423,28
12424,26
12425,50
12426,49
12427,65
12428,40
12429,36
12430,37
12431,59
12432,43
12433,44
12434,55
12435,52
12436,24
12437,39
12438,46
12439,46
12440,29
12441,29
12442,35
12443,56
12444,33
12445,41
12446,29
12447,48
12448,53
12449,36
12450,43
12451,31
12452,33
12453,48
12454,46
12455,71
12456,49
12457,32
12458,24
12459,42
12460,60
12461,50
12462,63
12463,61
12464,39
12465,34
12466,44
12467,40
12468,44
12469,54
12470,32
12471,26
12472,47
12473,62
12474,67
12475,33
12476,33
12477,57
12478,36
12479,29
12480,65
12481,43
12482,35
12483,55
12484,41
12485,60
12486,57
12487,52
12488,34
12489,36
12490,40
12491,60
12492,36
12493,40
12494,54
12495,55
12496,42
12497,48
12498,57
12499,74
12500,47
12501,36
12502,35
12503,48
12504,34
12505,34
12506,23
12507,60
12508,28
12509,29
12510,27
12511,46
12512,36
12513,33
12514,56
12515,38
12516,21
12517,48
12518,66
12519,21
12520,22
12521,53
12522,26
12523,33
12524,55
12525,52
12526,48
12527,49
12528,39
12529,40
12530,35
12531,37
12532,49
12533,26
12534,69
12535,43
12536,65
12537,35
12538,45
12539,29
12540,52
12541,32
12542,31
12543,39
12544,39
12545,48
12546,99
12547,60
12548,39
12549,38
12550,61
12551,54
12552,37
12553,22
12554,37
12555,24
12556,29
12557,40
12558,42
12559,38
12560,54
12561,55
12562,39
12563,56
12564,34
12565,58
12566,59
12567,55
12568,39
12569,45
12570,24
12571,41
12572,35
12573,48
12574,59
12575,48
12576,64
12577,25
12578,31
12579,36
12580,39
12581,30
12582,39
12583,39
12584,39
12585,63
12586,24
12587,21
12588,46
12589,46
12590,46
12591,47
12592,41
12593,63
12594,29
12595,46
12596,41
12597,44
12598,30
12599,71
12600,31
12601,45
12602,41
12603,68
12604,48
12605,46
12606,27
12607,30
12608,61
12609,50
12610,46
12611,33
12612,26
12613,39
12614,65
12615,35
12616,40
12617,49
12618,53
12619,72
12620,58
12621,57
12622,51
12623,32
12624,38
12625,45
12626,26
12627,43
12628,26
12629,41
12630,47
12631,53
12632,50
12633,34
12634,59
12635,28
12636,28
12637,64
12638,44
12639,41
12640,36
12641,54
12642,38
12643,40
12644,42
12645,55
12646,40
12647,50
12648,54
12649,35
12650,27
12651,40
12652,59
12653,39
12654,50
12655,46
12656,57
12657,31
12658,33
12659,37
12660,69
12661,42
12662,36
12663,28
12664,38
12665,26
12666,51
12667,62
12668,37
12669,40
12670,35
12671,61
12672,34
12673,51
12674,36
12675,44
12676,53
12677,31
12678,62
12679,25
12680,39
12681,26
12682,32
12683,33
12684,42
12685,41
12686,41
12687,39
12688,31
12689,27
12690,41
12691,56
12692,45
12693,82
12694,39
12695,40
12696,29
12697,65
12698,59
12699,52
12700,37
12701,66
12702,44
12703,53
12704,38
12705,48
12706,36
12707,27
12708,52
12709,38
12710,28
12711,48
12712,56
12713,41
12714,43
12715,29
12716,24
12717,39
12718,39
12719,46
12720,61
12721,35
12722,46
12723,29
12724,49
12725,72
12726,70
12727,36
12728,43
12729,66
12730,35
12731,31
12732,46
12733,69
12734,43
12735,44
12736,33
12737,32
12738,45
12739,30
12740,46
12741,28
12742,52
12743,38
12744,51
12745,53
12746,36
12747,29
12748,28
12749,65
12750,25
12751,39
12752,38
12753,45
12754,48
12755,35
12756,54
12757,39
12758,32
12759,55
12760,55
12761,30
12762,33
12763,46
12764,42
12765,27
12766,62
12767,36
12768,37
12769,39
12770,39
12771,34
12772,28
12773,29
12774,38
12775,45
12776,39
12777,29
12778,33
12779,38
12780,29
12781,55
12782,25
12783,33
12784,45
12785,38
12786,34
12787,49
12788,36
12789,32
12790,55
12791,62
12792,66
12793,47
12794,53
12795,39
12796,37
12797,33
12798,44
12799,34
12800,26
12801,26
12802,42
12803,41
12804,31
12805,41
12806,43
12807,47
12808,44
12809,57
12810,24
12811,27
12812,37
12813,46
12814,38
12815,25
12816,70
12817,35
12818,50
12819,63
12820,56
12821,40
12822,33
12823,44
12824,70
12825,25
12826,37
12827,36
12828,53
12829,44
12830,46
12831,38
12832,34
12833,29
12834,33
12835,56
12836,58
12837,53
12838,46
12839,52
12840,35
12841,44
12842,28
12843,47
12844,54
12845,47
12846,47
12847,52
12848,36
12849,39
12850,46
12851,39
12852,47
12853,33
12854,30
12855,60
12856,48
12857,34
12858,32
12859,50
12860,44
12861,49
12862,56
12863,34
12864,39
12865,44
12866,50
12867,37
12868,40
12869,31
12870,42
12871,66
12872,31
12873,33
12874,40
12875,61
12876,77
12877,41
12878,36
12879,66
12880,44
12881,57
12882,32
12883,59
12884,59
12885,34
12886,44
12887,26
12888,27
12889,40
12890,41
12891,39
12892,45
12893,56
12894,32
12895,32
12896,39
12897,67
12898,53
12899,44
12900,46
12901,46
12902,39
12903,46
12904,47
12905,52
12906,53
12907,31
12908,56
12909,48
12910,37
12911,52
12912,45
12913,43
12914,30
12915,63
12916,23
12917,61
12918,28
12919,52
12920,48
12921,38
12922,48
12923,52
12924,51
12925,30
12926,26
12927,54
12928,52
12929,67
12930,24
12931,20
12932,44
12933,33
12934,25
12935,35
12936,62
12937,25
12938,23
12939,29
12940,33
12941,37
12942,36
12943,54
12944,39
12945,64
12946,52
12947,39
12948,82
12949,33
12950,43
12951,63
12952,66
12953,49
12954,35
12955,40
12956,33
12957,34
12958,37
12959,51
12960,43
12961,56
12962,46
12963,36
12964,31
12965,43
12966,40
12967,61
12968,66
12969,66
12970,44
12971,32
12972,32
12973,38
12974,52
12975,58
12976,48
12977,24
12978,66
12979,57
12980,36
12981,38
12982,40
12983,37
12984,35
12985,42
12986,53
12987,72
12988,26
12989,56
12990,28
12991,52
12992,51
12993,25
12994,43
12995,39
12996,37
12997,32
12998,39
12999,36
13000,53
13001,39
13002,38
13003,30
13004,83
13005,35
13006,32
13007,44
13008,49
13009,39
13010,30
13011,31
13012,29
13013,55
13014,61
13015,34
13016,29
13017,51
13018,34
13019,30
13020,35
13021,50
13022,31
13023,45
13024,57
13025,55
13026,43
13027,52
13028,31
13029,52
13030,38
13031,26
13032,28
13033,56
13034,56
13035,38
13036,40
13037,37
13038,43
13039,62
13040,28
13041,63
13042,41
13043,33
13044,39
13045,46
13046,33
13047,46
13048,32
13049,49
13050,38
13051,39
13052,53
13053,39
13054,54
13055,42
13056,69
13057,20
13058,44
13059,54
13060,39
13061,41
13062,25
13063,25
13064,48
13065,33
13066,36
13067,28
13068,37
13069,39
13070,39
13071,38
13072,52
13073,40
13074,25
13075,53
13076,55
13077,36
13078,64
13079,22
13080,32
13081,39
13082,68
13083,46
13084,74
13085,39
13086,57
13087,35
13088,31
13089,34
13090,59
13091,41
13092,44
13093,25
13094,60
13095,38
13096,52
13097,64
13098,29
13099,25
13100,67
13101,55
13102,61
13103,43
13104,46
13105,53
13106,53
13107,49
13108,54
13109,42
13110,63
13111,39
13112,47
13113,39
13114,38
13115,28
13116,28
13117,65
13118,43
13119,37
13120,48
13121,31
13122,42
13123,64
13124,32
13125,36
13126,28
13127,36
13128,50
13129,46
13130,19
13131,37
13132,54
13133,44
13134,36
13135,48
13136,35
13137,49
13138,44
13139,37
13140,73
13141,56
13142,26
13143,35
13144,50
13145,54
13146,27
13147,53
13148,54
13149,64
13150,53
13151,59
13152,35
13153,41
13154,32
13155,42
13156,27
13157,32
13158,42
13159,34
13160,47
13161,53
13162,53
13163,52
13164,52
13165,35
13166,45
13167,35
13168,53
13169,33
13170,19
13171,47
13172,34
13173,48
13174,31
13175,57
13176,52
13177,35
13178,50
13179,42
13180,54
13181,46
13182,51
13183,34
13184,43
13185,29
13186,38
13187,63
13188,42
13189,39
13190,39
13191,22
13192,43
13193,40
13194,35
13195,66
13196,32
13197,79
13198,27
13199,41
13200,50
13201,46
13202,38
13203,32
13204,33
13205,40
13206,35
13207,52
13208,33
13209,38
13210,36
13211,60
13212,28
13213,74
13214,33
13215,36
13216,31
13217,36
13218,35
13219,47
13220,41
13221,59
13222,40
13223,42
13224,35
13225,43
13226,29
13227,31
13228,41
13229,44
13230,60
13231,74
13232,61
13233,59
13234,36
13235,50
13236,28
13237,42
13238,36
13239,39
13240,39
13241,46
13242,44
13243,55
13244,37
13245,34
13246,48
13247,47
13248,64
13249,49
13250,71
13251,89
13252,39
13253,53
13254,39
13255,38
13256,46
13257,35
13258,41
13259,28
13260,46
13261,25
13262,37
13263,55
13264,56
13265,52
13266,57
13267,37
13268,40
13269,46
13270,67
13271,39
13272,51
13273,40
13274,64
13275,35
13276,38
13277,38
13278,21
13279,38
13280,53
13281,43
13282,51
13283,53
13284,25
13285,28
13286,45
13287,32
13288,46
13289,52
13290,39
13291,36
13292,53
13293,41
13294,40
13295,46
13296,50
13297,31
13298,53
13299,55
13300,43
13301,64
13302,50
13303,69
13304,58
13305,60
13306,33
13307,53
13308,45
13309,20
13310,68
13311,33
13312,64
13313,45
13314,35
13315,31
13316,54
13317,48
13318,65
13319,75
13320,33
13321,33
13322,23
13323,38
13324,54
13325,59
13326,34
13327,32
13328,41
13329,30
13330,41
13331,37
13332,60
13333,36
13334,38
13335,47
13336,52
13337,49
13338,45
13339,50
13340,62
13341,71
13342,52
13343,42
13344,49
13345,31
13346,35
13347,37
13348,56
13349,67
13350,28
13351,33
13352,66
13353,39
13354,39
13355,59
13356,46
13357,43
13358,47
13359,27
13360,65
13361,46
13362,69
13363,44
13364,35
13365,39
13366,62
13367,47
13368,60
13369,31
13370,38
13371,37
13372,39
13373,72
13374,41
13375,39
13376,31
13377,38
13378,30
13379,32
13380,63
13381,19
13382,38
13383,24
13384,34
13385,45
13386,42
13387,45
13388,24
13389,26
13390,34
13391,56
13392,47
13393,36
13394,63
13395,28
13396,34
13397,43
13398,26
13399,40
13400,25
13401,45
13402,38
13403,39
13404,52
13405,46
13406,28
13407,41
13408,71
13409,36
13410,32
13411,59
13412,56
13413,46
13414,31
13415,49
13416,54
13417,53
13418,25
13419,56
13420,44
13421,43
13422,48
13423,30
13424,52
13425,59
13426,29
13427,48
13428,40
13429,45
13430,28
13431,45
13432,48
13433,51
13434,36
13435,41
13436,50
13437,42
13438,66
13439,52
13440,60
13441,22
13442,54
13443,52
13444,75
13445,55
13446,41
13447,42
13448,45
13449,58
13450,60
13451,65
13452,66
13453,46
13454,48
13455,44
13456,61
13457,49
13458,36
13459,45
13460,56
13461,43
13462,33
13463,37
13464,28
13465,37
13466,41
13467,36
13468,56
13469,64
13470,57
13471,68
13472,38
13473,30
13474,51
13475,34
13476,64
13477,33
13478,66
13479,55
13480,40
13481,35
13482,42
13483,54
13484,57
13485,39
13486,60
13487,33
13488,71
13489,36
13490,53
13491,49
13492,51
13493,57
13494,56
13495,46
13496,68
13497,40
13498,27
13499,53
13500,36
13501,33
13502,35
13503,30
13504,33
13505,40
13506,51
13507,41
13508,41
13509,66
13510,39
13511,36
13512,45
13513,38
13514,47
13515,25
13516,21
13517,39
13518,30
13519,29
13520,34
13521,70
13522,32
13523,25
13524,41
13525,35
13526,53
13527,42
13528,37
13529,52
13530,57
13531,46
13532,34
13533,63
13534,46
13535,38
13536,43
13537,44
13538,45
13539,59
13540,31
13541,48
13542,35
13543,34
13544,40
13545,24
13546,55
13547,41
13548,45
13549,21
13550,45
13551,44
13552,28
13553,22
13554,23
13555,37
13556,65
13557,28
13558,50
13559,54
13560,57
13561,44
13562,54
13563,31
13564,35
13565,42
13566,50
13567,29
13568,46
13569,45
13570,66
13571,34
13572,26
13573,40
13574,37
13575,34
13576,24
13577,43
13578,40
13579,51
13580,38
13581,39
13582,87
13583,39
13584,28
13585,47
13586,41
13587,59
13588,68
13589,35
13590,29
13591,35
13592,59
13593,37
13594,46
13595,50
13596,25
13597,40
13598,32
13599,35
13600,68
13601,68
13602,31
13603,28
13604,27
13605,47
13606,39
13607,56
13608,41
13609,29
13610,52
13611,31
13612,31
13613,83
13614,57
13615,43
13616,59
13617,47
13618,21
13619,51
13620,57
13621,52
13622,53
13623,53
13624,38
13625,54
13626,60
13627,66
13628,37
13629,49
13630,53
13631,30
13632,90
13633,26
13634,70
13635,49
13636,29
13637,48
13638,41
13639,33
13640,39
13641,40
13642,49
13643,47
13644,46
13645,41
13646,32
13647,38
13648,53
13649,39
13650,35
13651,42
13652,20
13653,44
13654,54
13655,39
13656,46
13657,37
13658,35
13659,44
13660,60
13661,57
13662,36
13663,28
13664,53
13665,59
13666,44
13667,54
13668,31
13669,75
13670,42
13671,48
13672,24
13673,64
13674,50
13675,21
13676,51
13677,30
13678,34
13679,38
13680,30
13681,40
13682,29
13683,66
13684,28
13685,45
13686,46
13687,34
13688,50
13689,40
13690,64
13691,33
13692,55
13693,57
13694,36
13695,45
13696,59
13697,62
13698,69
13699,40
13700,46
13701,32
13702,33
13703,44
13704,56
13705,63
13706,53
13707,49
13708,42
13709,50
13710,44
13711,45
13712,37
13713,36
13714,41
13715,33
13716,47
13717,50
13718,60
13719,50
13720,48
13721,41
13722,48
13723,50
13724,48
13725,31
13726,56
13727,34
13728,35
13729,36
13730,42
13731,35
13732,49
13733,31
13734,35
13735,47
13736,34
13737,51
13738,38
13739,38
13740,46
13741,51
13742,37
13743,63
13744,52
13745,47
13746,45
13747,53
13748,45
13749,66
13750,31
13751,59
13752,27
13753,40
13754,47
13755,36
13756,66
13757,26
13758,39
13759,27
13760,47
13761,37
13762,28
13763,54
13764,45
13765,31
13766,29
13767,31
13768,35
13769,40
13770,40
13771,34
13772,40
13773,41
13774,34
13775,42
13776,25
13777,39
13778,28
13779,35
13780,66
13781,65
13782,56
13783,25
13784,65
13785,36
13786,63
13787,27
13788,25
13789,47
13790,26
13791,28
13792,44
13793,37
13794,39
13795,39
13796,43
13797,51
13798,76
13799,35
13800,39
13801,54
13802,48
13803,29
13804,34
13805,42
13806,33
13807,49
13808,74
13809,36
13810,45
13811,31
13812,23
13813,50
13814,22
13815,45
13816,39
13817,34
13818,34
13819,40
13820,39
13821,43
13822,66
13823,36
13824,29
13825,39
13826,38
13827,39
13828,37
13829,33
13830,39
13831,39
13832,35
13833,28
13834,65
13835,38
13836,37
13837,46
13838,37
13839,35
13840,53
13841,58
13842,46
13843,36
13844,24
13845,47
13846,34
13847,40
13848,33
13849,48
13850,62
13851,22
13852,31
13853,40
13854,41
13855,37
13856,61
13857,62
13858,62
13859,73
13860,27
13861,40
13862,56
13863,52
13864,25
13865,45
13866,54
13867,27
13868,39
13869,26
13870,48
13871,48
13872,46
13873,36
13874,36
13875,30
13876,38
13877,48
13878,49
13879,50
13880,37
13881,47
13882,32
13883,42
13884,37
13885,41
13886,24
13887,70
13888,46
13889,60
13890,34
13891,64
13892,42
13893,36
13894,56
13895,44
13896,30
13897,49
13898,50
13899,25
13900,36
13901,51
13902,36
13903,35
13904,36
13905,32
13906,44
13907,57
13908,60
13909,42
13910,34
13911,38
13912,51
13913,35
13914,39
13915,34
13916,52
13917,23
13918,40
13919,55
13920,64
13921,37
13922,37
13923,38
13924,32
13925,31
13926,34
13927,42
13928,39
13929,52
13930,30
13931,34
13932,35
13933,60
13934,45
13935,53
13936,25
13937,65
13938,63
13939,31
13940,32
13941,33
13942,38
13943,31
13944,58
13945,46
13946,33
13947,37
13948,55
13949,38
13950,53
13951,25
13952,39
13953,34
13954,52
13955,44
13956,52
13957,35
13958,34
13959,53
13960,53
13961,75
13962,34
13963,51
13964,49
13965,57
13966,62
13967,31
13968,64
13969,39
13970,39
13971,36
13972,33
13973,24
13974,36
13975,37
13976,22
13977,24
13978,29
13979,23
13980,53
13981,35
13982,40
13983,25
13984,62
13985,49
13986,40
13987,41
13988,26
13989,42
13990,57
13991,43
13992,58
13993,57
13994,49
13995,45
13996,62
13997,28
13998,45
13999,52
14000,39
14001,39
14002,40
14003,45
14004,33
14005,45
14006,47
14007,44
14008,65
14009,48
14010,35
14011,35
14012,36
14013,41
14014,57
14015,39
14016,67
14017,41
14018,56
14019,29
14020,49
14021,39
14022,29
14023,83
14024,41
14025,49
14026,48
14027,46
14028,51
14029,27
14030,66
14031,28
14032,40
14033,60
14034,60
14035,39
14036,45
14037,52
14038,60
14039,37
14040,48
14041,36
14042,42
14043,39
14044,44
14045,54
14046,47
14047,35
14048,35
14049,30
14050,29
14051,46
14052,28
14053,49
14054,32
14055,32
14056,37
14057,41
14058,38
14059,40
14060,26
14061,34
14062,68
14063,63
14064,42
14065,37
14066,39
14067,42
14068,69
14069,41
14070,20
14071,58
14072,33
14073,29
14074,39
14075,50
14076,39
14077,39
14078,39
14079,39
14080,50
14081,45
14082,36
14083,47
14084,46
14085,33
14086,37
14087,37
14088,36
14089,42
14090,51
14091,60
14092,29
14093,32
14094,65
14095,41
14096,38
14097,25
14098,41
14099,40
14100,38
14101,34
14102,43
14103,46
14104,49
14105,27
14106,38
14107,57
14108,42
14109,47
14110,36
14111,41
14112,23
14113,49
14114,52
14115,47
14116,29
14117,36
14118,42
14119,41
14120,30
14121,47
14122,43
14123,41
14124,28
14125,39
14126,33
14127,26
14128,46
14129,51
14130,42
14131,42
14132,29
14133,26
14134,41
14135,31
14136,23
14137,50
14138,52
14139,35
14140,66
14141,30
14142,25
14143,45
14144,64
14145,55
14146,63
14147,53
14148,34
14149,41
14150,37
14151,39
14152,39
14153,56
14154,52
14155,55
14156,38
14157,42
14158,32
14159,64
14160,53
14161,44
14162,59
14163,35
14164,38
14165,67
14166,34
14167,45
14168,36
14169,27
14170,64
14171,33
14172,28
14173,48
14174,63
14175,41
14176,27
14177,33
14178,44
14179,53
14180,38
14181,68
14182,53
14183,39
14184,39
14185,52
14186,46
14187,43
14188,48
14189,40
14190,27
14191,61
14192,44
14193,67
14194,23
14195,38
14196,29
14197,49
14198,36
14199,42
14200,56
14201,54
14202,24
14203,39
14204,64
14205,44
14206,32
14207,34
14208,26
14209,56
14210,25
14211,23
14212,64
14213,42
14214,45
14215,50
14216,50
14217,37
14218,36
14219,26
14220,41
14221,42
14222,29
14223,25
14224,48
14225,41
14226,45
14227,38
14228,38
14229,35
14230,35
14231,47
14232,29
14233,62
14234,37
14235,24
14236,19
14237,37
14238,47
14239,53
14240,42
14241,39
14242,44
14243,53
14244,47
14245,38
14246,39
14247,27
14248,31
14249,61
14250,27
14251,36
14252,48
14253,52
14254,30
14255,74
14256,30
14257,36
14258,42
14259,38
14260,39
14261,35
14262,49
14263,29
14264,50
14265,39
14266,34
14267,39
14268,29
14269,46
14270,26
14271,46
14272,66
14273,38
14274,39
14275,44
14276,35
14277,46
14278,38
14279,40
14280,73
14281,32
14282,31
14283,36
14284,63
14285,67
14286,38
14287,43
14288,66
14289,38
14290,29
14291,32
14292,48
14293,52
14294,60
14295,37
14296,40
14297,26
14298,22
14299,45
14300,31
14301,59
14302,38
14303,38
14304,31
14305,74
14306,53
14307,30
14308,70
14309,38
14310,41
14311,62
14312,39
14313,38
14314,38
14315,63
14316,42
14317,23
14318,63
14319,33
14320,42
14321,31
14322,74
14323,24
14324,32
14325,49
14326,47
14327,31
14328,56
14329,26
14330,44
14331,47
14332,27
14333,27
14334,45
14335,46
14336,22
14337,56
14338,49
14339,23
14340,38
14341,35
14342,54
14343,71
14344,40
14345,24
14346,46
14347,30
14348,49
14349,30
14350,29
14351,41
14352,41
14353,40
14354,38
14355,26
14356,52
14357,56
14358,57
14359,24
14360,47
14361,62
14362,54
14363,48
14364,28
14365,44
14366,24
14367,33
14368,45
14369,43
14370,41
14371,64
14372,60
14373,34
14374,35
14375,42
14376,28
14377,38
14378,53
14379,37
14380,53
14381,31
14382,40
14383,41
14384,82
14385,26
14386,29
14387,66
14388,29
14389,31
14390,35
14391,25
14392,32
14393,39
14394,39
14395,61
14396,44
14397,64
14398,52
14399,44
14400,36
14401,48
14402,62
14403,20
14404,23
14405,35
14406,46
14407,37
14408,55
14409,27
14410,29
14411,49
14412,35
14413,46
14414,46
14415,53
14416,32
14417,40
14418,45
14419,61
14420,27
14421,33
14422,43
14423,28
14424,53
14425,51
14426,52
14427,40
14428,44
14429,28
14430,36
14431,38
14432,43
14433,50
14434,37
14435,35
14436,31
14437,58
14438,40
14439,46
14440,36
14441,33
14442,34
14443,57
14444,32
14445,29
14446,34
14447,45
14448,54
14449,53
14450,54
14451,64
14452,65
14453,26
14454,60
14455,25
14456,38
14457,42
14458,20
14459,35
14460,41
14461,51
14462,34
14463,32
14464,35
14465,36
14466,40
14467,54
14468,32
14469,57
14470,42
14471,63
14472,29
14473,49
14474,55
14475,65
14476,65
14477,26
14478,68
14479,26
14480,25
14481,64
14482,51
14483,29
14484,33
14485,28
14486,38
14487,29
14488,37
14489,34
14490,30
14491,29
14492,40
14493,43
14494,68
14495,54
14496,44
14497,23
14498,30
14499,34
14500,28
14501,63
14502,29
14503,44
14504,36
14505,29
14506,33
14507,42
14508,42
14509,26
14510,29
14511,63
14512,38
14513,27
14514,34
14515,33
14516,44
14517,31
14518,68
14519,38
14520,58
14521,51
14522,42
14523,26
14524,26
14525,28
14526,39
14527,25
14528,29
14529,69
14530,47
14531,30
14532,51
14533,69
14534,36
14535,38
14536,58
14537,49
14538,48
14539,35
14540,36
14541,31
14542,45
14543,32
14544,39
14545,57
14546,36
14547,40
14548,30
14549,41
14550,57
14551,27
14552,39
14553,26
14554,27
14555,38
14556,57
14557,29
14558,38
14559,32
14560,35
14561,41
14562,63
14563,46
14564,32
14565,41
14566,63
14567,53
14568,28
14569,63
14570,39
14571,54
14572,37
14573,47
14574,38
14575,44
14576,43
14577,41
14578,36
14579,35
14580,60
14581,41
14582,78
14583,35
14584,37
14585,43
14586,40
14587,37
14588,38
14589,33
14590,35
14591,31
14592,60
14593,39
14594,35
14595,31
14596,67
14597,26
14598,40
14599,45
14600,40
14601,33
14602,30
14603,72
14604,41
14605,44
14606,43
14607,38
14608,48
14609,50
14610,55
14611,61
14612,35
14613,40
14614,36
14615,33
14616,34
14617,39
14618,62
14619,32
14620,24
14621,66
14622,41
14623,54
14624,38
14625,28
14626,64
14627,60
14628,33
14629,63
14630,28
14631,49
14632,33
14633,48
14634,35
14635,26
14636,52
14637,25
14638,50
14639,53
14640,33
14641,49
14642,38
14643,34
14644,51
14645,37
14646,65
14647,44
14648,50
14649,44
14650,45
14651,32
14652,40
14653,33
14654,53
14655,36
14656,26
14657,64
14658,43
14659,32
14660,62
14661,39
14662,43
14663,42
14664,45
14665,53
14666,33
14667,55
14668,52
14669,47
14670,38
14671,51
14672,34
14673,33
14674,39
14675,54
14676,50
14677,74
14678,35
14679,21
14680,44
14681,38
14682,41
14683,41
14684,51
14685,40
14686,47
14687,55
14688,44
14689,37
14690,60
14691,49
14692,49
14693,34
14694,56
14695,26
14696,33
14697,33
14698,55
14699,65
14700,33
14701,48
14702,62
14703,45
14704,34
14705,56
14706,60
14707,46
14708,36
14709,38
14710,68
14711,37
14712,47
14713,42
14714,62
14715,51
14716,34
14717,23
14718,39
14719,33
14720,26
14721,42
14722,23
14723,46
14724,49
14725,49
14726,36
14727,40
14728,39
14729,41
14730,44
14731,27
14732,53
14733,41
14734,52
14735,35
14736,45
14737,56
14738,50
14739,43
14740,23
14741,34
14742,30
14743,33
14744,42
14745,46
14746,50
14747,45
14748,50
14749,68
14750,46
14751,24
14752,54
14753,46
14754,35
14755,37
14756,25
14757,26
14758,32
14759,52
14760,24
14761,45
14762,30
14763,34
14764,24
14765,37
14766,25
14767,28
14770,27
14771,44
14772,56
14773,23
14774,27
14775,46
14776,26
14777,30
14778,26
14779,29
14780,39
14781,33
14782,73
14783,45
14784,28
14785,31
14786,40
14787,45
14789,37
14790,30
14791,32
14792,59
14793,57
14794,41
14795,25
14796,46
14797,42
14798,20
14799,45
14800,43
14801,43
14802,36
14803,65
14804,49
14805,37
14806,23
14807,49
14808,24
14809,55
14810,32
14811,33
14812,42
14813,36
14814,23
14815,35
14816,39
14817,36
14818,63
14819,26
14820,34
14821,62
14822,57
14823,32
14824,37
14825,72
14826,35
14827,39
14828,33
14829,24
14830,59
14831,37
14832,44
14833,36
14834,49
14835,50
14836,24
14837,55
14838,31
14839,41
14840,37
14841,38
14842,29
14843,67
14844,46
14845,63
14846,26
14847,60
14848,65
14849,42
14850,35
14851,29
14852,30
14853,45
14854,40
14855,34
14856,34
14857,26
14858,30
14859,65
14860,26
14861,36
14862,46
14863,47
14864,37
14865,58
14866,44
14867,55
14868,54
14869,72
14870,38
14871,38
14872,54
14873,34
14874,21
14875,42
14876,39
14877,38
14878,48
14879,48
14880,48
14881,35
14882,52
14883,34
14884,51
14885,68
14886,41
14887,46
14888,48
14889,32
14890,24
14891,54
14892,54
14893,50
14894,48
14895,30
14896,60
14897,36
14898,42
14899,35
14900,25
14901,33
14902,26
14903,34
14904,54
14905,52
14906,26
14907,41
14908,24
14909,57
14910,38
14911,41
14912,39
14913,48
14914,49
14915,40
14916,52
14917,54
14918,44
14919,53
14920,39
14921,47
14922,57
14923,32
14924,62
14925,41
14926,31
14927,66
14928,20
14929,39
14930,69
14931,38
14932,70
14933,32
14934,64
14935,36
14936,60
14937,34
14938,44
14939,45
14940,52
14941,38
14942,43
14943,31
14944,57
14945,38
14946,38
14947,29
14948,64
14949,54
14950,33
14951,38
14952,48
14953,30
14954,48
14955,41
14956,35
14957,29
14958,29
14959,46
14960,56
14961,60
14962,45
14963,31
14964,62
14965,63
14966,35
14967,65
14968,40
14969,34
14970,47
14971,38
14972,21
14973,35
14974,59
14975,53
14976,49
14977,46
14978,41
14979,26
14980,48
14981,61
14982,27
14983,50
14984,32
14985,42
14986,31
14987,25
14988,71
14989,59
14990,33
14991,40
14992,36
14993,38
14994,43
14995,48
14996,26
14997,66
14998,54
14999,37
15000,64
15001,44
15002,34
15003,27
15004,62
15005,67
15006,44
15007,56
15008,42
15009,53
15010,55
15011,47
15012,48
15013,37
15014,68
15015,20
15016,39
15017,53
15018,56
15019,46
15020,31
15021,39
15022,29
15023,50
15024,32
15025,55
15026,25
15027,51
15028,40
15029,46
15030,27
15031,44
15032,56
15033,46
15034,56
15035,34
15036,69
15037,47
15038,43
15039,31
15040,39
15041,40
15042,21
15043,29
15044,67
15045,36
15046,33
15047,22
15048,34
15049,36
15050,56
15051,46
15052,31
15053,53
15054,51
15055,45
15056,51
15057,44
15058,30
15059,41
15060,34
15061,62
15062,66
15063,38
15064,39
15065,39
15066,60
15067,46
15068,41
15069,26
15070,24
15071,49
15072,39
15073,39
15074,35
15075,54
15076,39
15077,31
15078,34
15079,52
15080,41
15081,47
15082,37
15083,39
15084,45
15085,37
15086,38
15087,44
15088,45
15089,30
15090,49
15091,44
15092,69
15093,32
15094,58
15095,37
15096,34
15097,60
15098,34
15099,51
15100,28
15101,31
15102,63
15103,60
15104,32
15105,28
15106,42
15107,23
15108,49
15109,39
15110,45
15111,65
15112,33
15113,34
15114,48
15115,35
15116,59
15117,74
15118,33
15119,49
15120,51
15121,36
15122,53
15123,59
15124,41
15125,49
15126,48
15127,54
15128,50
15129,31
15130,38
15131,39
15132,47
15133,52
15134,44
15135,40
15136,49
15137,49
15138,32
15139,46
15140,57
15141,38
15142,50
15143,36
15144,42
15145,23
15146,35
15147,54
15148,48
15149,46
15150,35
15151,35
15152,37
15153,46
15154,39
15155,38
15156,58
15157,45
15158,46
15159,29
15160,43
15161,41
15162,49
15163,46
15164,36
15165,29
15166,45
15167,62
15168,35
15169,46
15170,59
15171,32
15172,32
15173,34
15174,48
15175,38
15176,59
15177,59
15178,30
15179,33
15180,23
15181,33
15182,27
15183,33
15184,26
15185,53
15186,27
15187,25
15188,56
15189,35
15190,34
15191,38
15192,28
15193,38
15194,64
15195,57
15196,34
15197,37
15198,32
15199,49
15200,39
15201,62
15202,26
15203,26
15204,50
15205,40
15206,64
15207,49
15208,57
15209,39
15210,29
15211,49
15212,35
15213,43
15214,36
15215,44
15216,37
15217,55
15218,22
15219,50
15220,72
15221,44
15222,37
15223,28
15224,49
15225,41
15226,26
15227,37
15228,50
15229,43
15230,38
15231,42
15232,70
15233,42
15234,34
15235,53
15236,45
15237,32
15238,52
15239,33
15240,32
15241,25
15242,37
15243,36
15244,43
15245,34
15246,46
15247,61
15248,43
15249,35
15250,46
15251,50
15252,43
15253,51
15254,35
15255,36
15256,36
15257,34
15258,38
15259,33
15260,41
15261,44
15262,39
15263,38
15264,56
15265,63
15266,37
15267,34
15268,34
15269,34
15270,49
15271,47
15272,36
15273,35
15274,31
15275,31
15276,43
15277,47
15278,36
15279,61
15280,42
15281,26
15282,26
15283,31
15284,53
15285,35
15286,25
15287,36
15288,48
15289,27
15290,32
15291,36
15292,37
15293,74
15294,39
15295,43
15296,71
15297,27
15298,38
15299,55
15300,59
15301,28
15302,54
15303,62
15304,54
15305,46
15306,47
15307,31
15308,60
15309,52
15310,53
15311,47
15312,62
15313,56
15314,30
15315,41
15316,66
15317,46
15318,29
15319,55
15320,43
15321,48
15322,44
15323,28
15324,64
15325,55
15326,20
15327,39
15328,26
15329,26
15330,43
15331,68
15332,47
15333,29
15334,47
15335,31
15336,62
15337,63
15338,45
15339,64
15340,38
15341,40
15342,42
15343,36
15344,39
15345,22
15346,37
15347,47
15348,29
15349,36
15350,22
15351,42
15352,59
15353,24
15354,66
15355,34
15356,52
15357,31
15358,57
15359,23
15360,33
15361,65
15362,35
15363,43
15364,30
15365,53
15366,47
15367,37
15368,59
15369,20
15370,45
15371,39
15372,30
15373,57
15374,33
15375,35
15376,35
15377,44
15378,29
15379,35
15380,43
15381,42
15382,29
15383,38
15384,39
15385,39
15386,46
15387,61
15388,33
15389,50
15390,42
15391,39
15392,25
15393,34
15394,29
15395,36
15396,31
15397,24
15398,61
15399,67
15400,60
15401,28
15402,41
15403,41
15404,45
15405,82
15406,23
15407,38
15408,38
15409,50
15410,31
15411,33
15412,70
15413,43
15414,31
15415,46
15416,36
15417,44
15418,39
15419,56
15420,43
15421,51
15422,36
15423,38
15424,34
15425,44
15426,43
15427,55
15428,59
15429,40
15430,57
15431,39
15432,42
15433,59
15434,50
15435,46
15436,44
15437,19
15438,30
15439,45
15440,44
15441,54
15442,25
15443,49
15444,35
15445,54
15446,30
15447,46
15448,59
15449,65
15450,24
15451,26
15452,54
15453,33
15454,29
15455,59
15456,37
15457,46
15458,23
15459,26
15460,41
15461,37
15462,41
15463,48
15464,49
15465,62
15466,60
15467,34
15468,49
15469,37
15470,41
15471,36
15472,47
15473,59
15474,53
15475,31
15476,56
15477,55
15478,42
15479,62
15480,56
15481,39
15482,42
15483,54
15484,46
15485,23
15486,39
15487,32
15488,39
15489,49
15490,29
15491,62
15492,34
15493,52
15494,57
15495,42
15496,49
15497,42
15498,31
15499,43
15500,29
15501,43
15502,53
15503,30
15504,38
15505,50
15506,35
15507,23
15508,70
15509,41
15510,79
15511,22
15512,31
15513,47
15514,45
15515,47
15516,67
15517,20
15518,36
15519,40
15520,35
15521,46
15522,39
15523,39
15524,39
15525,41
15526,47
15527,30
15528,53
15529,41
15530,53
15531,53
15532,52
15533,49
15534,23
15535,43
15536,43
15537,50
15538,36
15539,28
15540,41
15541,55
15542,43
15543,39
15544,23
15545,53
15546,66
15547,26
15548,37
15549,59
15550,66
15551,41
15552,31
15553,61
15554,48
15555,31
15556,23
15557,43
15558,38
15559,61
15560,38
15561,36
15562,37
15563,55
15564,60
15565,60
15566,25
15567,53
15568,50
15569,47
15570,35
15571,35
15572,49
15573,39
15574,46
15575,42
15576,32
15577,54
15578,66
15579,57
15580,32
15581,48
15582,28
15583,64
15584,30
15585,20
15586,64
15587,41
15588,42
15589,53
15590,35
15591,64
15592,29
15593,35
15594,63
15595,39
15596,60
15597,40
15598,45
15599,44
15600,40
15601,45
15602,57
15603,40
15604,48
15605,39
15606,57
15607,27
15608,56
15609,31
15610,40
15611,23
15612,55
15613,35
15614,34
15615,37
15616,46
15617,38
15618,69
15619,58
15620,65
15621,39
15622,36
15623,38
15624,62
15625,28
15626,33
15627,66
15628,51
15629,47
15630,49
15631,46
15632,63
15633,70
15634,57
15635,30
15636,46
15637,50
15638,29
15639,38
15640,64
15641,39
15642,36
15643,37
15644,40
15645,35
15646,39
15647,49
15648,62
15649,54
15650,33
15651,36
15652,43
15653,39
15654,36
15655,29
15656,34
15657,32
15658,19
15659,39
15660,47
15661,35
15662,51
15663,63
15664,44
15665,22
15666,42
15667,40
15668,31
15669,42
15670,61
15671,49
15672,36
15673,39
15674,41
15675,27
15676,55
15677,48
15678,57
15679,37
15680,28
15681,32
15682,39
15683,32
15684,33
15685,59
15686,49
15687,47
15688,59
15689,63
15690,79
15691,60
15692,47
15693,33
15694,71
15695,51
15696,58
15697,52
15698,47
15699,50
15700,32
15701,49
15702,33
15703,42
15704,68
15705,54
15706,49
15707,46
15708,39
15709,51
15710,44
15711,32
15712,44
15713,44
15714,73
15715,47
15716,35
15717,42
15718,48
15719,44
15720,27
15721,63
15722,44
15723,27
15724,40
15725,49
15726,37
15727,66
15728,51
15729,28
15730,32
15731,42
15732,42
15733,19
15734,48
15735,39
15736,55
15737,32
15738,29
15739,41
15740,49
15741,32
15742,22
15743,24
15744,51
15745,21
15746,32
15747,26
15748,35
15749,35
15750,31
15751,52
15752,36
15753,45
15754,37
15755,52
15756,40
15757,37
15758,64
15759,48
15760,23
15761,61
15762,58
15763,38
15764,50
15765,43
15766,33
15767,62
15768,33
15769,60
15770,27
15771,25
15772,36
15773,63
15774,47
15775,39
15776,41
15777,64
15778,34
15779,62
15780,36
15781,46
15782,33
15783,21
15784,26
15785,57
15786,19
15787,29
15788,45
15789,27
15790,56
15791,43
15792,64
15793,43
15794,23
15795,35
15796,61
15797,53
15798,46
15799,37
15800,27
15801,39
15802,35
15803,33
15804,52
15805,32
15806,32
15807,32
15808,43
15809,39
15810,39
15811,40
15812,40
15813,40
15814,39
15815,44
15816,29
15817,61
15818,25
15819,51
15820,26
15821,23
15822,53
15823,30
15824,31
15825,54
15826,41
15827,35
15828,30
15829,58
15830,51
15831,64
15832,31
15833,66
15834,54
15835,36
15836,40
15837,42
15838,38
15839,34
15840,19
15841,40
15842,53
15843,36
15844,41
15845,39
15846,23
15847,41
15848,55
15849,55
15850,57
15851,37
15852,38
15853,30
15854,44
15855,42
15856,41
15857,75
15858,36
15859,44
15860,47
15861,23
15862,32
15863,56
15864,37
15865,39
15866,39
15867,46
15868,56
15869,39
15870,20
15871,33
15872,53
15873,42
15874,35
15875,30
15876,67
15877,35
15878,42
15879,32
15880,37
15881,33
15882,37
15883,66
15884,31
15885,39
15886,74
15887,60
15888,61
15889,37
15890,38
15891,51
15892,36
15893,27
15894,23
15895,56
15896,51
15897,65
15898,25
15899,47
15900,39
15901,43
15902,41
15903,20
15904,32
15905,34
15906,19
15907,44
15908,47
15909,59
15910,47
15911,35
15912,43
15913,43
15914,34
15915,33
15916,31
15917,33
15918,31
15919,25
15920,25
15921,74
15922,65
15923,39
15924,39
15925,34
15926,25
15927,22
15928,62
15929,40
15930,26
15931,33
15932,28
15933,24
15934,28
15935,38
15936,36
15937,45
15938,56
15939,58
15940,41
15941,42
15942,30
15943,58
15944,62
15945,40
15946,34
15947,34
15948,40
15949,45
15950,31
15951,38
15952,56
15953,35
15954,60
15955,34
15956,34
15957,69
15958,34
15959,34
15960,45
15961,58
15962,44
15963,34
15964,50
15965,34
15966,40
15967,63
15968,50
15969,41
15970,29
15971,43
15972,42
15973,25
15974,30
15975,32
15976,29
15977,34
15978,50
15979,48
15980,47
15981,46
15982,42
15983,53
15984,41
15985,60
15986,76
15987,39
15988,50
15989,23
15990,59
15991,52
15992,59
15993,51
15994,26
15995,45
15996,32
15997,35
15998,92
15999,67
16000,51
16001,47
16002,35
16003,52
16004,52
16005,42
16006,32
16007,59
16008,23
16009,41
16010,39
16011,26
16012,56
16013,34
16014,46
16015,37
16016,56
16017,27
16018,42
16019,36
16020,27
16021,59
16022,49
16023,30
16024,53
16025,57
16026,24
16027,69
16028,30
16029,50
16030,30
16031,22
16032,65
16033,69
16034,32
16035,67
16036,62
16037,31
16038,25
16039,45
16040,41
16041,60
16042,54
16043,48
16044,56
16045,41
16046,39
16047,39
16048,39
16049,34
16050,61
16051,39
16052,54
16053,39
16054,42
16055,42
16056,36
16057,30
16058,37
16059,48
16060,59
16061,59
16062,31
16063,39
16064,39
16065,44
16066,59
16067,61
16068,47
16069,40
16070,40
16071,50
16072,31
16073,47
16074,32
16075,38
16076,42
16077,31
16078,48
16079,50
16080,50
16081,36
16082,48
16083,55
16084,35
16085,57
16086,31
16087,46
16088,60
16089,34
16090,32
16091,37
16092,46
16093,42
16094,37
16095,34
16096,48
16097,21
16098,28
16099,35
16100,37
16101,30
16102,56
16103,31
16104,21
16105,45
16106,30
16107,37
16108,19
16109,70
16110,45
16111,35
16112,65
16113,66
16114,44
16115,46
16116,57
16117,44
16118,33
16119,40
16120,32
16121,46
16122,25
16123,59
16124,38
16125,35
16126,65
16127,62
16128,34
16129,41
16130,55
16131,59
16132,44
16133,56
16134,41
16135,24
16136,65
16137,35
16138,62
16139,41
16140,33
16141,31
16142,63
16143,74
16144,39
16145,45
16146,37
16147,43
16148,47
16149,25
16150,64
16151,46
16152,41
16153,48
16154,30
16155,56
16156,26
16157,41
16158,68
16159,65
16160,59
16161,28
16162,61
16163,36
16164,57
16165,35
16166,54
16167,25
16168,49
16169,60
16170,58
16171,37
16172,65
16173,42
16174,62
16175,28
16176,23
16177,39
16178,37
16179,29
16180,36
16181,34
16182,72
16183,39
16184,52
16185,39
16186,52
16187,37
16188,56
16189,40
16190,30
16191,64
16192,28
16193,47
16194,58
16195,42
16196,25
16197,42
16198,30
16199,33
16200,31
16201,32
16202,55
16203,28
16204,54
16205,54
16206,20
16207,33
16208,35
16209,39
16210,63
16211,36
16212,60
16213,40
16214,51
16215,64
16216,46
16217,31
16218,31
16219,41
16220,51
16221,43
16222,66
16223,66
16224,35
16225,29
16226,52
16227,53
16228,70
16229,28
16230,32
16231,64
16232,41
16233,38
16234,32
16235,34
16236,28
16237,43
16238,48
16239,64
16240,42
16241,40
16242,40
16243,71
16244,38
16245,39
16246,66
16247,75
16248,44
16249,36
16250,57
16251,60
16252,38
16253,38
16254,31
16255,36
16256,64
16257,49
16258,59
16259,31
16260,43
16261,61
16262,45
16263,49
16264,56
16265,44
16266,26
16267,35
16268,49
16269,64
16270,46
16271,54
16272,42
16273,66
16274,49
16275,52
16276,49
16277,39
16278,52
16279,43
16280,67
16281,34
16282,29
16283,47
16284,62
16285,25
16286,61
16287,35
16288,39
16289,39
16290,29
16291,38
16292,53
16293,51
16294,49
16295,53
16296,33
16297,40
16298,58
16299,35
16300,37
16301,44
16302,30
16303,38
16304,49
16305,45
16306,34
16307,46
16308,37
16309,66
16310,43
16311,50
16312,46
16313,33
16314,59
16315,44
16316,54
16317,50
16318,51
16319,43
16320,39
16321,42
16322,37
16323,43
16324,40
16325,37
16326,41
16327,56
16328,21
16329,25
16330,43
16331,39
16332,41
16333,48
16334,61
16335,34
16336,40
16337,42
16338,28
16339,35
16340,60
16341,41
16342,64
16343,62
16344,38
16345,46
16346,70
16347,47
16348,28
16349,63
16350,32
16351,30
16352,37
16353,66
16354,63
16355,39
16356,46
16357,49
16358,44
16359,34
16360,32
16361,36
16362,37
16363,33
16364,38
16365,39
16366,64
16367,48
16368,29
16369,48
16370,52
16371,66
16372,67
16373,89
16374,57
16375,46
16376,51
16377,25
16378,24
16379,55
16380,32
16381,40
16382,36
16383,53
16384,35
16385,33
16386,23
16387,69
16388,58
16389,36
16390,37
16391,59
16392,59
16393,50
16394,66
16395,36
16396,52
16397,26
16398,48
16399,36
16400,62
16401,48
16402,35
16403,39
16404,32
16405,38
16406,51
16407,53
16408,39
16409,38
16410,51
16411,34
16412,37
16413,56
16414,36
16415,65
16416,40
16417,28
16418,47
16419,34
16420,63
16421,55
16422,62
16423,40
16424,23
16425,36
16426,35
16427,34
16428,39
16429,28
16430,47
16431,27
16432,24
16433,43
16434,43
16435,29
16436,38
16437,44
16438,43
16439,66
16440,46
16441,36
16442,50
16443,38
16444,68
16445,44
16446,23
16447,47
16448,52
16449,61
16450,34
16451,35
16452,43
16453,43
16454,46
16455,45
16456,35
16457,51
16458,44
16459,32
16460,50
16461,27
16462,53
16463,40
16464,51
16465,48
16466,51
16467,40
16468,48
16469,48
16470,36
16471,45
16472,39
16473,31
16474,23
16475,44
16476,43
16477,39
16478,40
16479,41
16480,34
16481,25
16482,58
16483,41
16484,66
16485,20
16486,35
16487,44
16488,46
16489,52
16490,69
16491,36
16492,54
16493,56
16494,30
16495,41
16496,43
16497,39
16498,37
16499,41
16500,38
16501,65
16502,42
16503,66
16504,69
16505,22
16506,35
16507,42
16508,28
16509,43
16510,31
16511,33
16512,54
16513,41
16514,66
16515,31
16516,30
16517,33
16518,47
16519,35
16520,61
16521,46
16522,52
16523,36
16524,35
16525,26
16526,32
16527,69
16528,44
16529,31
16530,48
16531,34
16532,35
16533,24
16534,50
16535,42
16536,54
16537,35
16538,72
16539,39
16540,41
16541,29
16542,28
16543,31
16544,26
16545,35
16546,30
16547,68
16548,20
16549,24
16550,37
16551,37
16552,65
16553,50
16554,46
16555,44
16556,33
16557,20
16558,35
16559,48
16560,40
16561,41
16562,47
16563,34
16564,44
16565,30
16566,33
16567,54
16568,46
16569,58
16570,36
16571,44
16572,36
16573,45
16574,43
16575,33
16576,47
16577,40
16578,43
16579,43
16580,36
16581,43
16582,33
16583,64
16584,24
16585,39
16586,34
16587,34
16588,44
16589,39
16590,43
16591,52
16592,32
16593,40
16594,58
16595,32
16596,37
16597,54
16598,53
16599,43
16600,44
16601,33
16602,52
16603,43
16604,40
16605,63
16606,37
16607,43
16608,44
16609,69
16610,55
16611,65
16612,47
16613,79
16614,35
16615,43
16616,36
16617,44
16618,55
16619,51
16620,61
16621,39
16622,45
16623,52
16624,44
16625,26
16626,42
16627,35
16628,35
16629,29
16630,66
16631,62
16632,27
16633,33
16634,37
16635,39
16636,38
16637,42
16638,27
16639,46
16640,37
16641,45
16642,59
16643,38
16644,36
16645,39
16646,39
16647,42
16648,34
16649,48
16650,44
16651,31
16652,28
16653,42
16654,29
16655,53
16656,57
16657,32
16658,54
16659,52
16660,26
16661,26
16662,39
16663,51
16664,25
16665,59
16666,56
16667,44
16668,56
16669,33
16670,40
16671,70
16672,30
16673,45
16674,32
16675,20
16676,32
16677,56
16678,45
16679,35
16680,59
16681,57
16682,66
16683,74
16684,53
16685,23
16686,34
16687,46
16688,40
16689,67
16690,39
16691,36
16692,33
16693,38
16694,30
16695,21
16696,49
16697,51
16698,45
16699,58
16700,55
16701,48
16702,56
16703,43
16704,73
16705,51
16706,38
16707,40
16708,27
16709,74
16710,52
16711,45
16712,47
16713,47
16714,32
16715,21
16716,51
16717,68
16718,56
16719,44
16720,52
16721,58
16722,23
16723,53
16724,35
16725,55
16726,36
16727,54
16728,41
16729,36
16730,60
16731,30
16732,67
16733,57
16734,34
16735,55
16736,57
16737,32
16738,39
16739,37
16740,49
16741,43
16742,39
16743,58
16744,53
16745,56
16746,23
16747,49
16748,56
16749,48
16750,55
16751,52
16752,29
16753,43
16754,19
16755,35
16756,38
16757,50
16758,67
16759,53
16760,45
16761,36
16762,49
16763,51
16764,42
16765,50
16766,49
16767,39
16768,34
16769,30
16770,60
16771,29
16772,64
16773,67
16774,44
16775,40
16776,33
16777,30
16778,46
16779,35
16780,24
16781,23
16782,37
16783,32
16784,44
16785,45
16786,51
16787,26
16788,21
16789,46
16790,42
16791,29
16792,57
16793,33
16794,35
16795,67
16796,39
16797,39
16798,69
16799,27
16800,66
16801,24
16802,47
16803,91
16804,46
16805,47
16806,31
16807,34
16808,62
16809,35
16810,48
16811,35
16812,27
16813,37
16814,50
16815,29
16816,26
16817,45
16818,56
16819,50
16820,45
16821,68
16822,39
16823,42
16824,42
16825,57
16826,69
16827,48
16828,31
16829,64
16830,31
16831,62
16832,34
16833,39
16834,52
16835,48
16836,24
16837,35
16838,48
16839,26
16840,41
16841,47
16842,37
16843,23
16844,40
16845,53
16846,61
16847,40
16848,49
16849,57
16850,56
16851,43
16852,47
16853,53
16854,38
16855,37
16856,33
16857,23
16858,60
16859,54
16860,35
16861,73
16862,47
16863,54
16864,38
16865,37
16866,58
16867,30
16868,33
16869,29
16870,39
16871,64
16872,49
16873,50
16874,43
16875,41
16876,53
16877,29
16878,28
16879,43
16880,48
16881,50
16882,57
16883,34
16884,46
16885,28
16886,52
16887,45
16888,33
16889,43
16890,39
16891,54
16892,59
16893,64
16894,43
16895,58
16896,56
16897,39
16898,59
16899,42
16900,36
16901,30
16902,56
16903,37
16904,38
16905,57
16906,78
16907,47
16908,62
16909,74
16910,24
16911,25
16912,54
16913,28
16914,30
16915,34
16916,55
16917,40
16918,67
16919,56
16920,42
16921,38
16922,32
16923,44
16924,39
16925,42
16926,46
16927,25
16928,36
16929,38
16930,33
16931,60
16932,41
16933,31
16934,29
16935,36
16936,31
16937,66
16938,36
16939,46
16940,39
16941,39
16942,40
16943,40
16944,46
16945,34
16946,53
16947,33
16948,40
16949,30
16950,65
16951,27
16952,58
16953,21
16954,46
16955,36
16956,68
16957,26
16958,30
16959,42
16960,50
16961,33
16962,36
16963,66
16964,35
16965,55
16966,41
16967,41
16968,45
16969,36
16970,74
16971,42
16972,56
16973,36
16974,67
16975,29
16976,59
16977,50
16978,39
16979,46
16980,32
16981,32
16982,36
16983,33
16984,46
16985,34
16986,39
16987,46
16988,41
16989,64
16990,57
16991,53
16992,22
16993,33
16994,29
16995,38
16996,62
16997,49
16998,37
16999,37
17000,57
17001,40
17002,43
17003,37
17004,63
17005,24
17006,35
17007,29
17008,59
17009,59
17010,38
17011,38
17012,47
17013,53
17014,42
17015,37
17016,32
17017,45
17018,34
17019,52
17020,25
17021,34
17022,57
17023,69
17024,47
17025,53
17026,46
17027,57
17028,58
17029,38
17030,45
17031,36
17032,33
17033,39
17034,55
17035,40
17036,62
17037,34
17038,48
17039,36
17040,23
17041,56
17042,46
17043,71
17044,27
17045,30
17046,49
17047,57
17048,41
17049,47
17050,48
17051,39
17052,38
17053,59
17054,34
17055,24
17056,41
17057,56
17058,43
17059,31
17060,37
17061,47
17062,51
17063,33
17064,64
17065,35
17066,33
17067,34
17068,29
17069,32
17070,39
17071,42
17072,58
17073,39
17074,50
17075,47
17076,43
17077,63
17078,32
17079,31
17080,41
17081,41
17082,43
17083,23
17084,31
17085,52
17086,36
17087,44
17088,57
17089,60
17090,43
17091,37
17092,56
17093,48
17094,57
17095,40
17096,51
17097,51
17098,42
17099,42
17100,59
17101,39
17102,25
17103,35
17104,41
17105,27
17106,22
17107,57
17108,36
17109,49
17110,36
17111,36
17112,47
17113,40
17114,40
17115,38
17116,37
17117,28
17118,47
17119,47
17120,49
17121,43
17122,53
17123,49
17124,49
17125,45
17126,66
17127,26
17128,28
17129,43
17130,23
17131,39
17132,32
17133,48
17134,43
17135,39
17136,39
17137,46
17138,53
17139,26
17140,54
17141,64
17142,37
17143,48
17144,27
17145,43
17146,31
17147,21
17148,27
17149,33
17150,33
17151,36
17152,37
17153,62
17154,25
17155,27
17156,56
17157,47
17158,63
17159,39
17160,36
17161,56
17162,45
17163,25
17164,83
17165,19
17166,36
17167,63
17168,56
17169,49
17170,53
17171,68
17172,59
17173,35
17174,69
17175,36
17176,56
17177,67
17178,28
17179,27
17180,37
17181,34
17182,56
17183,53
17184,35
17185,36
17186,33
17187,40
17188,62
17189,27
17190,58
17191,83
17192,31
17193,53
17194,32
17195,68
17196,54
17197,34
17198,47
17199,42
17200,55
17201,32
17202,39
17203,39
17204,36
17205,29
17206,65
17207,47
17208,42
17209,27
17210,65
17211,72
17212,60
17213,55
17214,34
17215,35
17216,30
17218,25
17219,40
17220,39
17221,38
17223,29
17225,53
17226,38
17227,35
17228,34
17229,39
17230,39
17231,46
17232,41
17233,33
17234,48
17235,67
17236,53
17237,38
17238,33
17239,44
17240,33
17241,26
17242,52
17243,45
17244,54
17245,39
17246,55
17247,45
17248,55
17249,58
17250,56
17251,36
17252,25
17253,62
17254,23
17255,44
17256,63
17257,56
17258,45
17259,38
17260,30
17261,77
17262,66
17263,33
17264,24
17265,56
17266,40
17267,44
17268,41
17269,47
17270,50
17271,34
17272,37
17273,33
17274,62
17275,22
17276,39
17277,60
17278,71
17279,61
17280,38
17281,65
17282,64
17283,55
17284,36
17285,42
17286,59
17287,37
17288,32
17289,35
17290,44
17291,31
17292,39
17293,39
17294,57
17295,31
17296,62
17297,34
17298,33
17299,31
17300,49
17301,52
17302,59
17303,38
17304,32
17305,36
17306,30
17307,29
17308,61
17309,36
17310,36
17311,31
17312,36
17313,70
17314,66
17315,56
17316,40
17317,36
17318,24
17319,82
17320,49
17321,68
17322,34
17323,60
17324,85
17325,48
17326,46
17327,41
17328,37
17329,32
17330,56
17331,38
17332,44
17333,53
17334,41
17335,40
17336,66
17337,44
17338,29
17339,23
17340,50
17341,43
17342,56
17343,30
17344,41
17345,45
17346,57
17347,58
17348,55
17349,65
17350,59
17351,48
17352,40
17353,48
17354,44
17355,30
17356,30
17357,59
17358,63
17359,64
17360,29
17361,36
17362,30
17363,51
17364,42
17365,30
17366,60
17367,46
17368,29
17369,40
17370,67
17371,64
17372,56
17373,51
17374,39
17375,41
17376,46
17377,34
17378,67
17379,57
17380,62
17381,32
17382,27
17383,48
17384,43
17385,36
17386,27
17387,45
17388,44
17389,68
17390,33
17391,41
17392,48
17393,51
17394,27
17395,42
17396,56
17397,40
17398,48
17399,41
17400,45
17401,34
17402,53
17403,40
17404,63
17405,39
17406,27
17407,42
17408,43
17409,55
17410,37
17411,57
17412,27
17413,29
17414,48
17415,41
17416,66
17417,46
17418,21
17419,44
17420,37
17421,24
17422,35
17423,57
17424,51
17425,66
17426,60
17427,34
17428,35
17429,56
17430,49
17431,53
17432,44
17433,42
17434,57
17435,30
17436,24
17437,55
17438,34
17439,65
17440,25
17441,44
17442,38
17443,32
17444,77
17445,51
17446,40
17447,47
17448,35
17449,31
17450,44
17451,38
17452,52
17453,34
17454,31
17455,62
17456,45
17457,38
17458,59
17459,65
17460,51
17461,47
17462,33
17463,36
17464,43
17465,73
17466,25
17467,39
17468,39
17469,39
17470,58
17471,49
17472,46
17473,46
17474,33
17475,66
17476,52
17477,58
17478,44
17479,38
17480,40
17481,45
17482,25
17483,48
17484,48
17485,31
17486,42
17487,57
17488,32
17489,33
17490,46
17491,43
17492,58
17493,29
17494,41
17495,36
17496,36
17497,60
17498,50
17499,27
17500,45
17501,31
17502,48
17503,43
17504,39
17505,69
17506,69
17507,39
17508,59
17509,37
17510,43
17511,40
17512,52
17513,53
17514,34
17515,39
17516,35
17517,36
17518,51
17519,39
17520,57
17521,54
17522,52
17523,30
17524,29
17525,33
17526,52
17527,54
17528,66
17529,37
17530,34
17531,33
17532,60
17533,48
17534,21
17535,48
17536,38
17537,44
17538,41
17539,68
17540,46
17541,55
17542,47
17543,39
17544,43
17545,64
17546,27
17547,51
17548,31
17549,36
17550,41
17551,69
17552,25
17553,39
17554,38
17555,27
17556,47
17557,40
17558,38
17559,38
17560,44
17561,35
17562,36
17563,46
17564,60
17565,60
17566,34
17567,25
17568,32
17569,35
17570,47
17571,60
17572,43
17573,39
17574,37
17575,39
17576,33
17577,59
17578,46
17579,31
17580,59
17581,35
17582,30
17583,36
17584,44
17585,40
17586,31
17587,38
17588,29
17589,35
17590,68
17591,35
17592,53
17593,50
17594,61
17595,42
17596,33
17597,27
17598,39
17599,40
17600,45
17601,43
17602,53
17603,19
17604,40
17605,57
17606,46
17607,35
17608,65
17609,31
17610,32
17611,43
17612,53
17613,36
17614,54
17615,33
17616,40
17617,40
17618,49
17619,46
17620,38
17621,62
17622,39
17623,68
17624,43
17625,78
17626,64
17627,38
17628,39
17629,38
17630,47
17631,53
17632,47
17633,53
17634,31
17635,66
17636,63
17637,61
17638,46
17639,31
17640,48
17641,38
17642,48
17643,48
17644,59
17645,51
17646,56
17647,68
17648,46
17649,60
17650,30
17651,25
17652,42
17653,26
17654,48
17655,30
17656,48
17657,60
17658,59
17659,39
17660,36
17661,45
17662,32
17663,38
17664,59
17665,37
17666,43
17667,31
17668,53
17669,56
17670,57
17671,32
17672,37
17673,55
17674,27
17675,51
17676,41
17677,57
17678,66
17679,33
17680,56
17681,63
17682,34
17683,33
17684,30
17685,49
17686,44
17687,27
17688,66
17689,34
17690,60
17691,47
17692,44
17693,44
17694,32
17695,52
17696,33
17697,29
17698,27
17699,38
17700,51
17701,27
17702,38
17703,40
17704,57
17705,35
17706,39
17707,37
17708,50
17709,44
17710,26
17711,36
17712,70
17713,70
17714,83
17715,41
17716,37
17717,39
17718,63
17719,54
17720,27
17721,66
17722,54
17723,35
17724,45
17725,55
17726,46
17727,52
17728,46
17729,33
17730,38
17731,59
17732,33
17733,45
17734,49
17735,49
17736,26
17737,44
17738,36
17739,28
17740,42
17741,29
17742,38
17743,65
17744,42
17745,45
17746,69
17747,32
17748,39
17749,39
17750,38
17751,20
17752,51
17753,32
17754,29
17755,41
17756,22
17757,32
17758,57
17759,44
17760,60
17761,66
17762,35
17763,23
17764,48
17765,37
17766,40
17767,42
17768,27
17769,47
17770,41
17771,26
17772,39
17773,39
17774,34
17775,36
17776,55
17777,40
17778,48
17779,57
17780,53
17781,85
17782,53
17783,33
17784,60
17785,48
17786,31
17787,36
17788,28
17789,37
17790,56
17791,44
17792,38
17793,32
17794,32
17795,54
17796,33
17797,27
17798,58
17799,41
17800,68
17801,28
17802,25
17803,61
17804,54
17805,25
17806,23
17807,35
17808,34
17809,42
17810,57
17811,59
17812,32
17813,60
17814,35
17815,40
17816,59
17817,67
17818,38
17819,57
17820,54
17821,31
17822,67
17823,31
17824,70
17825,62
17826,62
17827,59
17828,36
17829,20
17830,49
17831,52
17832,37
17833,31
17834,56
17835,39
17836,39
17837,39
17838,57
17839,63
17840,49
17841,57
17842,29
17843,63
17844,46
17845,54
17846,42
17847,38
17848,44
17849,63
17850,25
17851,63
17852,23
17853,24
17854,62
17855,25
17856,70
17857,32
17858,49
17859,33
17860,24
17861,58
17862,36
17863,30
17864,40
17865,27
17866,42
17867,53
17868,24
17869,27
17870,44
17871,28
17872,50
17873,30
17874,26
17875,34
17876,41
17877,25
17878,45
17879,32
17880,45
17881,63
17882,40
17883,67
17884,57
17885,27
17886,53
17887,36
17888,34
17889,59
17890,28
17891,32
17892,32
17893,44
17894,52
17895,52
17896,34
17897,61
17898,35
17899,47
17900,28
17901,64
17902,50
17903,35
17904,25
17905,32
17906,31
17907,28
17908,27
17909,25
17910,32
17911,72
17912,25
17913,45
17914,61
17915,44
17916,58
17917,62
17918,62
17919,33
17920,31
17921,60
17922,37
17923,66
17924,29
17925,37
17926,19
17927,27
17928,63
17929,39
17930,44
17931,38
17932,42
17933,46
17934,33
17935,41
17936,35
17937,33
17938,37
17939,25
17940,53
17941,40
17942,36
17943,35
17944,68
17945,24
17946,59
17947,39
17948,74
17949,44
17950,66
17951,40
17952,57
17953,28
17954,35
17955,51
17956,57
17957,57
17958,42
17959,37
17960,48
17961,34
17962,66
17963,47
17964,54
17965,37
17966,23
17967,30
17968,46
17969,48
17970,26
17971,49
17972,57
17973,68
17974,33
17975,37
17976,20
17977,37
17978,49
17979,40
17980,35
17981,45
17982,56
17983,28
17984,63
17985,36
17986,39
17987,39
17988,60
17989,60
17990,47
17991,34
17992,27
17993,53
17994,69
17995,46
17996,57
17997,34
17998,66
17999,34
18000,50
18001,67
18002,45
18003,22
18004,32
18005,53
18006,34
18007,35
18008,47
18009,47
18010,62
18011,46
18012,25
18013,75
18014,32
18015,61
18016,37
18017,45
18018,56
18019,41
18020,45
18021,46
18022,38
18023,48
18024,38
18025,32
18026,47
18027,45
18028,45
18029,34
18030,61
18031,43
18032,38
18033,56
18034,53
18035,44
18036,47
18037,42
18038,50
18039,34
18040,47
18041,54
18042,34
18043,62
18044,59
18045,34
18046,60
18047,39
18048,60
18049,47
18050,30
18051,65
18052,33
18053,46
18054,35
18055,33
18056,55
18057,65
18058,31
18059,41
18060,44
18061,38
18062,20
18063,39
18064,58
18065,58
18066,74
18067,45
18068,58
18069,29
18070,47
18071,56
18072,67
18073,43
18074,56
18075,53
18076,43
18077,31
18078,38
18079,40
18080,36
18081,38
18082,32
18083,79
18084,37
18085,50
18086,40
18087,39
18088,48
18089,38
18090,34
18091,49
18092,20
18093,47
18094,32
18095,64
18096,36
18097,42
18098,37
18099,45
18100,65
18101,51
18102,48
18103,27
18104,48
18105,56
18106,33
18107,28
18108,22
18109,41
18110,32
18111,34
18112,39
18113,35
18114,29
18115,38
18116,25
18117,46
18118,41
18119,54
18120,74
18121,38
18122,70
18123,54
18124,47
18125,43
18126,63
18127,43
18128,69
18129,31
18130,33
18131,34
18132,42
18133,36
18134,41
18135,25
18136,37
18137,44
18138,53
18139,23
18140,34
18141,29
18142,48
18143,45
18144,40
18145,42
18146,42
18147,54
18148,33
18149,43
18150,47
18151,48
18152,56
18153,48
18154,35
18155,28
18156,35
18157,22
18158,33
18159,44
18160,46
18161,47
18162,45
18163,33
18164,39
18165,28
18166,31
18167,54
18168,28
18169,45
18170,35
18171,34
18172,53
18173,51
18174,41
18175,27
18176,33
18177,59
18178,37
18179,40
18180,45
18181,39
18182,42
18183,55
18184,39
18185,39
18186,29
18187,69
18188,62
18189,59
18190,46
18191,31
18192,52
18193,42
18194,36
18195,58
18196,56
18197,38
18198,41
18199,30
18200,36
18201,46
18202,34
18203,36
18204,64
18205,35
18206,24
18207,33
18208,46
18209,32
18210,34
18211,34
18212,35
18213,36
18214,45
18215,65
18216,54
18217,59
18218,65
18219,60
18220,64
18221,58
18222,35
18223,31
18224,61
18225,31
18226,38
18227,52
18228,36
18229,70
18230,68
18231,38
18232,58
18233,42
18234,23
18235,63
18236,46
18237,32
18238,29
18239,38
18240,31
18241,28
18242,33
18243,57
18244,48
18245,39
18246,39
18247,46
18248,43
18249,47
18250,38
18251,64
18252,37
18253,66
18254,38
18255,37
18256,32
18257,37
18258,47
18259,40
18260,47
18261,53
18262,37
18263,34
18264,34
18265,53
18266,33
18267,66
18268,42
18269,59
18270,27
18271,31
18272,30
18273,23
18274,52
18275,34
18276,52
18277,39
18278,39
18279,61
18280,23
18281,37
18282,39
18283,75
18284,37
18285,35
18286,26
18287,60
18288,34
18289,21
18290,32
18291,43
18292,53
18293,43
18294,57
18295,61
18296,23
18297,43
18298,76
18299,40
18300,68
18301,62
18302,40
18303,53
18304,84
18305,68
18306,55
18307,27
18308,44
18309,36
18310,50
18311,37
18312,35
18313,47
18314,30
18315,46
18316,25
18317,41
18318,60
18319,63
18320,46
18321,66
18322,61
18323,46
18324,29
18325,58
18326,30
18327,39
18328,48
18329,61
18330,60
18331,35
18332,33
18333,56
18334,52
18335,32
18336,49
18337,49
18338,41
18339,60
18340,48
18341,71
18342,58
18343,37
18344,60
18345,53
18346,56
18347,42
18348,51
18349,51
18350,62
18351,63
18352,44
18353,33
18354,62
18355,46
18356,46
18357,60
18358,46
18359,34
18360,62
18361,36
18362,47
18363,36
18364,51
18365,42
18366,36
18367,29
18368,26
18369,65
18370,59
18371,31
18372,36
18373,46
18374,39
18375,62
18376,23
18377,42
18378,46
18379,63
18380,34
18381,33
18382,39
18383,37
18384,40
18385,55
18386,63
18387,21
18388,46
18389,52
18390,46
18391,42
18392,44
18393,50
18394,75
18395,36
18396,45
18397,58
18398,33
18399,72
18400,27
18401,47
18402,83
18403,37
18404,46
18405,24
18406,55
18407,55
18408,24
18409,56
18410,47
18411,41
18412,53
18413,89
18414,38
18415,41
18416,41
18417,31
18418,56
18419,34
18420,34
18421,59
18422,56
18423,30
18424,63
18425,48
18426,46
18427,34
18428,78
18429,36
18430,48
18431,59
18432,34
18433,37
18434,53
18435,34
18436,42
18437,59
18438,38
18439,34
18440,34
18441,64
18442,30
18443,39
18444,52
18445,24
18446,37
18447,35
18448,53
18449,29
18450,41
18451,39
18452,59
18453,36
18454,29
18455,57
18456,46
18457,55
18458,38
18459,36
18460,38
18461,40
18462,35
18463,32
18464,41
18465,40
18466,42
18467,37
18468,37
18469,50
18470,28
18471,43
18472,40
18473,37
18474,63
18475,56
18476,63
18477,39
18478,66
18479,44
18480,41
18481,62
18482,45
18483,68
18484,48
18485,26
18486,53
18487,41
18488,38
18489,33
18490,33
18491,48
18492,39
18493,39
18494,39
18495,41
18496,49
18497,62
18498,35
18499,24
18500,28
18501,30
18502,24
18503,56
18504,35
18505,33
18506,35
18507,50
18508,49
18509,63
18510,26
18511,35
18512,49
18513,47
18514,35
18515,24
18516,62
18517,23
18518,35
18519,38
18520,22
18521,53
18522,36
18523,34
18524,35
18525,34
18526,35
18527,33
18528,62
18529,45
18530,45
18531,58
18532,62
18533,36
18534,38
18535,31
18536,57
18537,48
18538,39
18539,39
18540,46
18541,28
18542,38
18543,24
18544,28
18545,62
18546,39
18547,35
18548,33
18549,64
18550,68
18551,51
18552,27
18553,46
18554,47
18555,39
18556,26
18557,26
18558,48
18559,37
18560,57
18561,69
18562,61
18563,56
18564,39
18565,39
18566,23
18567,42
18568,59
18569,47
18570,63
18571,38
18572,34
18573,29
18574,29
18575,37
18576,49
18577,49
18578,49
18579,93
18580,41
18581,44
18582,55
18583,42
18584,35
18585,37
18586,41
18587,26
18588,53
18589,41
18590,36
18591,28
18592,33
18593,52
18594,54
18595,67
18596,33
18597,61
18598,52
18599,42
18600,41
18601,64
18602,26
18603,63
18604,39
18605,37
18606,21
18607,46
18608,33
18609,51
18610,36
18611,59
18612,81
18613,50
18614,26
18615,43
18616,34
18617,41
18618,33
18619,30
18620,27
18621,37
18622,32
18623,55
18624,32
18625,40
18626,53
18627,52
18628,56
18629,53
18630,33
18631,64
18632,62
18633,20
18634,46
18635,34
18636,31
18637,37
18638,77
18639,46
18640,46
18641,26
18642,53
18643,58
18644,25
18645,40
18646,64
18647,25
18648,45
18649,43
18650,53
18651,66
18652,51
18653,61
18654,49
18655,49
18656,49
18657,49
18658,38
18659,41
18660,56
18661,57
18662,39
18663,35
18664,72
18665,21
18666,43
18667,62
18668,57
18669,35
18670,54
18671,45
18672,28
18673,65
18674,60
18675,25
18676,36
18677,26
18678,50
18679,55
18680,22
18681,35
18682,48
18683,30
18684,37
18685,46
18686,53
18687,48
18688,36
18689,46
18690,37
18691,23
18692,33
18693,35
18694,56
18695,32
18696,24
18697,35
18698,21
18699,34
18700,43
18701,29
18702,25
18703,24
18704,49
18705,57
18706,46
18707,33
18708,28
18709,65
18710,38
18711,33
18712,35
18713,35
18714,48
18715,48
18716,49
18717,39
18718,34
18719,33
18720,48
18721,48
18722,48
18723,40
18724,65
18725,42
18726,30
18727,53
18728,32
18729,39
18730,61
18731,70
18732,39
18733,54
18734,46
18735,33
18736,64
18737,44
18738,42
18739,44
18740,43
18741,44
18742,57
18743,56
18744,21
18745,50
18746,46
18747,44
18748,43
18749,39
18750,68
18751,48
18752,42
18753,61
18754,40
18755,67
18756,61
18757,31
18758,36
18759,52
18760,53
18761,43
18762,32
18763,55
18764,70
18765,48
18766,38
18767,40
18768,27
18769,52
18770,60
18771,40
18772,45
18773,20
18774,67
18775,39
18776,45
18777,50
18778,64
18779,35
18780,38
18781,57
18782,58
18783,37
18784,42
18785,33
18786,63
18787,64
18788,55
18789,36
18790,33
18791,69
18792,49
18793,26
18794,34
18795,19
18796,35
18797,29
18798,57
18799,30
18800,39
18801,39
18802,47
18803,32
18804,48
18805,74
18806,61
18807,43
18808,57
18809,46
18810,42
18811,29
18812,40
18813,31
18814,53
18815,41
18816,49
18817,35
18818,69
18819,53
18820,45
18821,36
18822,66
18823,32
18824,49
18825,27
18826,31
18827,41
18828,70
18829,41
18830,56
18831,27
18832,47
18833,32
18834,36
18835,47
18836,31
18837,63
18838,32
18839,47
18840,51
18841,41
18842,34
18843,38
18844,56
18845,26
18846,36
18847,36
18848,36
18849,41
18850,37
18851,66
18852,33
18853,30
18854,28
18855,40
18856,32
18857,76
18858,35
18859,25
18860,46
18861,39
18862,29
18863,64
18864,55
18865,47
18866,36
18867,41
18868,26
18869,37
18870,47
18871,48
18872,61
18873,23
18874,59
18875,24
18876,54
18877,48
18878,26
18879,46
18880,60
18881,53
18882,21
18883,28
18884,32
18885,42
18886,39
18887,38
18888,31
18889,29
18890,40
18891,67
18892,31
18893,40
18894,38
18895,23
18896,42
18897,46
18898,42
18899,31
18900,53
18901,47
18902,49
18903,64
18904,51
18905,39
18906,34
18907,64
18908,55
18909,32
18910,43
18911,66
18912,39
18913,46
18914,39
18915,39
18916,52
18917,26
18918,33
18919,75
18920,59
18921,31
18922,62
18923,45
18924,31
18925,39
18926,52
18927,46
18928,41
18929,63
18930,42
18931,34
18932,48
18933,38
18934,52
18935,31
18936,47
18937,41
18938,25
18939,40
18940,67
18941,38
18942,38
18943,35
18944,31
18945,20
18946,44
18947,63
18948,23
18949,37
18950,24
18951,56
18952,49
18953,37
18954,37
18955,24
18956,38
18957,62
18958,39
18959,50
18960,42
18961,38
18962,50
18963,46
18964,24
18965,60
18966,30
18967,40
18968,32
18969,29
18970,46
18971,53
18972,44
18973,44
18974,43
18975,38
18976,36
18977,57
18978,48
18979,42
18980,20
18981,34
18982,47
18983,43
18984,74
18985,39
18986,50
18987,46
18988,30
18989,30
18990,59
18991,39
18992,39
18993,43
18994,40
18995,38
18996,40
18997,32
18998,52
18999,30
19000,48
19001,47
19002,49
19003,35
19004,23
19005,36
19006,32
19007,50
19008,38
19009,32
19010,59
19011,35
19012,28
19013,44
19014,52
19015,65
19016,44
19017,29
19018,66
19019,71
19020,46
19021,31
19022,43
19023,32
19024,41
19025,35
19026,52
19027,57
19028,26
19029,48
19030,49
19031,43
19032,36
19033,48
19034,48
19035,29
19036,66
19037,94
19038,61
19039,37
19040,56
19041,25
19042,46
19043,65
19044,43
19045,38
19046,41
19047,33
19048,65
19049,45
19050,56
19051,58
19052,60
19053,56
19054,29
19055,42
19056,66
19057,50
19058,39
19059,48
19060,46
19061,51
19062,33
19063,70
19064,36
19065,53
19066,21
19067,53
19068,33
19069,59
19070,49
19071,39
19072,69
19073,59
19074,46
19075,53
19076,41
19077,47
19078,37
19079,28
19080,39
19081,39
19082,66
19083,52
19084,54
19085,55
19086,56
19087,53
19088,66
19089,53
19090,29
19091,32
19092,48
19093,79
19094,52
19095,37
19096,58
19097,36
19098,58
19099,38
19100,34
19101,28
19102,36
19103,56
19104,47
19105,65
19106,54
19107,28
19108,37
19109,25
19110,44
19111,47
19112,30
19113,32
19114,41
19115,46
19116,56
19117,53
19118,59
19119,55
19120,64
19121,39
19122,35
19123,25
19124,43
19125,28
19126,40
19127,58
19128,54
19129,34
19130,30
19131,36
19132,29
19133,30
19134,46
19135,31
19136,43
19137,29
19138,34
19139,34
19140,38
19141,25
19142,44
19143,43
19144,35
19145,47
19146,44
19147,46
19148,56
19149,45
19150,49
19151,41
19152,40
19153,34
19154,27
19155,44
19156,59
19157,60
19158,57
19159,26
19160,37
19161,33
19162,37
19163,41
19164,31
19165,21
19166,24
19167,19
19168,60
19169,46
19170,65
19171,36
19172,44
19173,31
19174,26
19175,54
19176,61
19177,41
19178,25
19179,46
19180,21
19181,40
19182,25
19183,68
19184,41
19185,24
19186,27
19187,49
19188,65
19189,44
19190,31
19191,41
19192,50
19193,52
19194,56
19195,43
19196,53
19197,48
19198,37
19199,35
19200,61
19201,63
19202,62
19203,35
19204,39
19205,48
19206,30
19207,30
19208,69
19209,53
19210,46
19211,62
19212,47
19213,40
19214,33
19215,35
19216,47
19217,40
19218,47
19219,41
19220,38
19221,39
19222,39
19223,53
19224,49
19225,33
19226,41
19227,48
19228,49
19229,34
19230,36
19231,49
19232,45
19233,42
19234,54
19235,33
19236,43
19237,48
19238,48
19239,54
19240,35
19241,35
19242,39
19243,35
19244,36
19245,57
19246,31
19247,53
19248,45
19249,46
19250,36
19251,48
19252,45
19253,45
19254,34
19255,57
19256,22
19257,67
19258,50
19259,43
19260,34
19261,38
19262,62
19263,57
19264,60
19265,56
19266,35
19267,49
19268,32
19269,49
19270,59
19271,36
19272,44
19273,32
19274,54
19275,39
19276,46
19277,49
19278,39
19279,58
19280,21
19281,45
19282,30
19283,43
19284,66
19285,52
19286,45
19287,48
19288,51
19289,35
19290,65
19291,62
19292,36
19293,45
19294,49
19295,33
19296,33
19297,35
19298,38
19299,38
19300,70
19301,43
19302,37
19303,48
19304,31
19305,35
19306,55
19307,50
19308,34
19309,39
19310,65
19311,50
19312,68
19313,39
19314,48
19315,58
19316,36
19317,54
19318,25
19319,53
19320,40
19321,67
19322,23
19323,38
19324,33
19325,39
19326,32
19327,23
19328,50
19329,36
19330,35
19331,27
19332,47
19333,37
19334,53
19335,31
19336,66
19337,48
19338,42
19339,27
19340,46
19341,50
19342,29
19343,43
19344,48
19345,35
19346,35
19347,30
19348,38
19349,37
19350,30
19351,46
19352,56
19353,42
19354,47
19355,33
19356,36
19357,51
19358,39
19359,42
19360,43
19361,38
19362,50
19363,32
19364,45
19365,40
19366,30
19367,49
19368,62
19369,34
19370,39
19371,68
19372,64
19373,47
19374,67
19375,43
19376,34
19377,30
19378,35
19379,52
19380,50
19381,39
19382,22
19383,37
19384,60
19385,25
19386,43
19387,58
19388,63
19389,36
19390,67
19391,37
19392,30
19393,39
19394,39
19395,43
19396,74
19397,28
19398,39
19399,44
19400,43
19401,45
19402,38
19403,35
19404,47
19405,37
19406,30
19407,49
19408,25
19409,27
19410,46
19411,69
19412,29
19413,69
19414,45
19415,44
19416,56
19417,39
19418,52
19419,48
19420,46
19421,49
19422,31
19423,64
19424,66
19425,30
19426,39
19427,53
19428,28
19429,29
19430,42
19431,48
19432,45
19433,38
19434,26
19435,36
19436,44
19437,26
19438,49
19439,39
19440,43
19441,53
19442,41
19443,46
19444,66
19445,34
19446,34
19447,39
19448,47
19449,39
19450,44
19451,39
19452,51
19453,33
19454,64
19455,23
19456,62
19457,65
19458,26
19459,40
19460,54
19461,60
19462,35
19463,21
19464,62
19465,31
19466,45
19467,24
19468,59
19469,48
19470,33
19471,53
19472,49
19473,39
19474,27
19475,32
19476,53
19477,41
19478,33
19479,46
19480,35
19481,45
19482,28
19483,65
19484,29
19485,39
19486,65
19487,22
19488,35
19489,34
19490,35
19491,31
19492,45
19493,69
19494,39
19495,52
19496,29
19497,63
19498,31
19499,50
19500,38
19501,32
19502,29
19503,57
19504,32
19505,47
19506,40
19507,40
19508,38
19509,30
19510,55
19511,72
19512,44
19513,47
19514,20
19515,41
19516,29
19517,56
19518,47
19519,27
19520,34
19521,62
19522,39
19523,39
19524,39
19525,36
19526,52
19527,37
19528,46
19529,37
19530,48
19531,55
19532,69
19533,39
19534,58
19535,64
19536,29
19537,31
19538,37
19539,37
19540,56
19541,70
19542,56
19543,66
19544,49
19545,53
19546,54
19547,43
19548,33
19549,42
19550,46
19551,45
19552,38
19553,54
19554,34
19555,35
19556,39
19557,39
19558,42
19559,46
19560,38
19561,64
19562,44
19563,44
19564,94
19565,32
19566,58
19567,52
19568,24
19569,45
19570,59
19571,52
19572,42
19573,39
19574,32
19575,58
19576,51
19577,56
19578,33
19579,58
19580,55
19581,63
19582,36
19583,57
19584,24
19585,66
19586,33
19587,46
19588,38
19589,52
19590,48
19591,29
19592,28
19593,36
19594,36
19595,48
19596,30
19597,36
19598,33
19599,42
19600,49
19601,35
19602,60
19603,26
19604,38
19605,36
19606,36
19607,38
19608,68
19609,33
19610,33
19611,62
19612,50
19613,51
19614,61
19615,57
19616,38
19617,38
19618,39
19619,39
19620,39
19621,22
19622,53
19623,59
19624,31
19625,52
19626,59
19628,30
19629,63
19630,37
19631,48
19632,57
19633,51
19634,38
19635,36
19636,53
19637,63
19638,34
19639,59
19640,55
19641,41
19642,59
19643,41
19644,36
19645,27
19646,42
19647,66
19648,35
19649,37
19650,79
19651,57
19652,34
19653,59
19654,47
19655,34
19656,47
19657,43
19658,49
19659,42
19660,51
19661,55
19662,41
19663,29
19664,38
19665,45
19666,34
19667,53
19668,46
19669,60
19670,51
19671,53
19673,34
19674,48
19675,56
19676,65
19677,55
19678,55
19679,39
19680,42
19681,40
19682,23
19683,31
19684,60
19685,33
19686,30
19687,47
19688,62
19689,37
19690,29
19691,50
19692,64
19693,32
19694,54
19695,35
19696,44
19697,42
19698,46
19699,39
19700,28
19701,37
19702,49
19703,29
19704,51
19705,38
19706,37
19707,50
19708,33
19709,27
19710,34
19711,36
19712,48
19713,31
19714,46
19715,42
19716,35
19717,51
19718,28
19719,33
19720,44
19721,55
19722,44
19723,42
19724,49
19725,68
19726,60
19727,29
19728,44
19729,38
19730,31
19731,37
19732,29
19733,38
19734,48
19735,36
19736,43
19737,33
19738,65
19739,32
19740,42
19741,37
19742,34
19743,40
19744,24
19745,64
19746,49
19747,40
19748,46
19749,40
19750,42
19751,39
19752,32
19753,61
19754,32
19755,68
19756,39
19757,35
19758,38
19759,39
19760,44
19761,29
19762,33
19763,39
19764,42
19765,27
19766,35
19767,36
19768,69
19769,39
19770,52
19771,54
19772,29
19773,45
19774,61
19775,31
19776,60
19777,62
19778,39
19779,32
19780,54
19781,32
19782,36
19783,28
19784,33
19785,37
19786,64
19787,41
19788,42
19789,51
19790,35
19791,38
19792,51
19793,58
19794,39
19795,35
19796,31
19797,34
19798,25
19799,35
19800,43
19801,53
19802,63
19803,34
19804,62
19805,36
19806,59
19807,48
19808,46
19809,38
19810,41
19811,45
19812,35
19813,35
19814,26
19815,37
19816,38
19817,58
19818,35
19819,39
19820,67
19821,37
19822,43
19823,37
19824,23
19825,44
19826,45
19827,34
19828,55
19829,36
19830,53
19831,37
19832,34
19833,46
19834,35
19835,58
19836,57
19837,39
19838,48
19839,51
19840,41
19841,47
19842,46
19843,39
19844,49
19845,44
19846,65
19847,51
19848,64
19849,63
19850,26
19851,56
19852,31
19853,52
19854,38
19855,48
19856,36
19857,38
19858,35
19859,26
19860,39
19861,40
19862,40
19863,43
19864,39
19865,66
19866,51
19867,34
19868,40
19869,45
19870,35
19871,36
19872,38
19873,40
19874,27
19875,34
19876,48
19877,23
19878,39
19879,35
19880,36
19881,32
19882,26
19883,39
19884,61
19885,23
19886,47
19887,44
19888,54
19889,53
19890,49
19891,24
19892,60
19893,38
19894,47
19895,83
19896,63
19897,50
19898,41
19899,26
19900,47
19901,58
19902,44
19903,53
19904,65
19905,42
19906,41
19907,44
19908,57
19909,43
19910,35
19911,29
19912,52
19913,36
19914,25
19915,62
19916,44
19917,39
19918,28
19919,34
19920,36
19921,65
19922,45
19923,58
19924,37
19925,49
19926,54
19927,41
19928,39
19929,46
19930,32
19931,56
19932,39
19933,39
19934,35
19935,34
19936,34
19937,35
19938,38
19939,60
19940,38
19941,35
19942,30
19943,59
19944,34
19945,62
19946,25
19947,46
19948,63
19949,34
19950,50
19951,44
19952,40
19953,30
19954,50
19955,25
19956,23
19957,55
19958,36
19959,57
19960,41
19961,38
19962,25
19963,46
19964,83
19965,74
19966,28
19967,30
19968,24
19969,39
19970,46
19971,44
19972,35
19973,44
19974,38
19975,36
19976,38
19977,69
19978,37
19979,29
19980,34
19981,22
19982,38
19983,49
19984,40
19985,67
19986,56
19987,26
19988,43
19989,25
19990,56
19991,68
19992,56
19993,46
19994,55
19995,35
19996,39
19997,38
19998,62
19999,66
20000,55
20001,32
20002,27
20003,43
20004,42
20005,39
20006,20
20007,33
20008,35
20009,29
20010,57
20011,47
20012,44
20013,53
20014,43
20015,49
20016,72
20017,55
20018,31
20019,34
20020,54
20021,52
20022,26
20023,47
20024,25
20025,29
20026,52
20027,39
20028,36
20029,55
20030,38
20031,45
20032,48
20033,26
20034,49
20035,21
20036,24
20037,34
20038,34
20039,33
20040,46
20041,40
20042,47
20043,46
20044,45
20045,32
20046,33
20047,24
20048,29
20049,62
20050,44
20051,57
20052,40
20053,32
20054,58
20055,40
20056,56
20057,42
20058,40
20059,53
20060,47
20061,46
20062,29
20063,53
20064,55
20065,30
20066,44
20067,43
20068,51
20069,58
20070,38
20071,48
20072,26
20073,31
20074,43
20075,26
20076,38
20077,66
20078,62
20079,58
20080,43
20081,42
20082,28
20083,51
20084,64
20085,27
20086,74
20087,24
20088,37
20089,60
20090,62
20091,30
20092,34
20093,32
20094,48
20095,35
20096,24
20097,31
20098,28
20099,29
20100,34
20101,30
20102,48
20103,39
20104,44
20105,55
20106,53
20107,50
20108,39
20109,27
20110,61
20111,20
20112,50
20113,50
20114,43
20115,42
20116,42
20117,67
20118,40
20119,32
20120,55
20121,56
20122,31
20123,35
20124,46
20125,36
20126,49
20127,30
20128,35
20129,61
20130,38
20131,34
20132,57
20133,40
20134,56
20135,40
20136,34
20137,63
20138,42
20139,30
20140,36
20141,22
20142,48
20143,50
20144,57
20145,30
20146,25
20147,49
20148,31
20149,31
20150,37
20151,41
20152,48
20153,48
20154,30
20155,40
20156,52
20157,37
20158,48
20159,34
20160,34
20161,38
20162,25
20163,35
20164,34
20165,62
20166,35
20167,25
20168,51
20169,51
20170,37
20171,66
20172,39
20173,24
20174,49
20175,25
20176,45
20177,28
20178,28
20179,35
20180,82
20181,52
20182,41
20183,34
20184,35
20185,29
20186,53
20187,36
20188,47
20189,54
20190,35
20191,36
20192,39
20193,42
20194,41
20195,39
20196,39
20197,27
20198,37
20199,51
20200,25
20201,35
20202,43
20203,37
20204,33
20205,39
20206,45
20207,38
20208,43
20209,36
20210,36
20211,31
20212,25
20213,43
20214,44
20215,34
20216,38
20217,51
20218,36
20219,35
20220,45
20221,53
20222,62
20223,43
20224,37
20225,35
20226,36
20227,53
20228,64
20229,32
20230,53
20231,65
20232,32
20233,33
20234,43
20235,50
20236,32
20237,48
20238,45
20239,59
20240,42
20241,36
20242,49
20243,34
20244,48
20245,68
20246,34
20247,39
20248,39
20249,26
20250,35
20251,25
20252,39
20253,23
20254,40
20255,45
20256,47
20257,49
20258,83
20259,49
20260,66
20261,44
20262,48
20263,38
20264,37
20265,28
20266,39
20267,28
20268,52
20269,41
20270,45
20271,57
20272,39
20273,34
20274,37
20275,39
20276,45
20277,63
20278,36
20279,52
20280,37
20281,32
20282,57
20283,47
20284,65
20285,33
20286,35
20287,54
20288,64
20289,39
20290,42
20291,74
20292,36
20293,24
20294,25
20295,27
20296,56
20297,49
20298,49
20299,49
20300,38
20301,54
20302,45
20303,56
20304,48
20305,91
20306,51
20307,43
20308,38
20309,32
20310,51
20311,46
20312,47
20313,48
20314,30
20315,52
20316,49
20317,38
20318,27
20319,51
20320,44
20321,42
20322,33
20323,43
20324,29
20325,60
20326,31
20327,28
20328,59
20329,53
20330,62
20331,42
20332,36
20333,47
20334,29
20335,33
20336,31
20337,23
20338,34
20339,35
20340,58
20341,44
20342,32
20343,36
20344,45
20345,57
20346,56
20347,29
20348,63
20349,58
20350,40
20351,71
20352,60
20353,41
20354,29
20355,42
20356,26
20357,45
20358,46
20359,49
20360,51
20361,36
20362,60
20363,29
20364,57
20365,26
20366,36
20367,38
20368,60
20369,46
20370,42
20371,45
20372,35
20373,58
20374,47
20375,39
20376,36
20377,50
20378,46
20379,47
20380,37
20381,38
20382,36
20383,53
20384,42
20385,66
20386,37
20387,44
20388,37
20389,27
20390,34
20391,36
20392,70
20393,38
20394,69
20395,35
20396,62
20397,57
20398,22
20399,42
20400,64
20401,35
20402,36
20403,34
20404,48
20405,59
20406,31
20407,55
20408,68
20409,42
20410,38
20411,39
20412,31
20413,46
20414,61
20415,36
20416,39
20417,56
20418,70
20419,42
20420,39
20421,25
20422,46
20423,27
20424,41
20425,49
20426,46
20427,47
20428,34
20429,53
20430,65
20431,59
20432,60
20433,59
20434,50
20435,33
20436,52
20437,58
20438,29
20439,33
20440,28
20441,54
20442,21
20443,35
20444,53
20445,66
20446,51
20447,36
20448,40
20449,38
20450,47
20451,35
20452,20
20453,61
20454,44
20455,36
20456,35
20457,31
20458,63
20459,43
20460,39
20461,39
20462,73
20463,22
20464,29
20465,42
20466,29
20467,64
20468,42
20469,49
20470,27
20471,83
20472,40
20473,67
20474,73
20475,39
20476,53
20477,34
20478,77
20479,29
20480,42
20481,26
20482,45
20483,35
20484,28
20485,43
20486,53
20487,32
20488,56
20489,32
20490,52
20491,35
20492,41
20493,32
20494,38
20495,31
20496,39
20497,44
20498,31
20499,36
20500,43
20501,65
20502,65
20503,35
20504,27
20505,57
20506,39
20507,44
20508,24
20509,31
20510,39
20511,46
20512,53
20513,44
20514,48
20515,67
20516,59
20517,41
20518,54
20519,65
20520,40
20521,64
20522,40
20523,37
20524,35
20525,48
20526,50
20527,30
20528,66
20529,39
20530,26
20531,29
20532,57
20533,43
20534,26
20535,48
20536,41
20537,42
20538,50
20539,34
20540,48
20541,44
20542,41
20543,33
20544,35
20545,68
20546,36
20547,35
20548,23
20549,33
20550,39
20551,32
20552,38
20553,54
20554,33
20555,48
20556,50
20557,23
20558,43
20559,41
20560,33
20561,33
20562,38
20563,48
20564,40
20565,25
20566,47
20567,54
20568,38
20569,66
20570,39
20571,60
20572,26
20573,44
20574,45
20575,36
20576,48
20577,44
20578,40
20579,43
20580,36
20581,31
20582,56
20583,51
20584,26
20585,56
20586,34
20587,39
20588,44
20589,47
20590,26
20591,50
20592,38
20593,62
20594,35
20595,33
20596,48
20597,32
20598,35
20599,47
20600,26
20601,47
20602,46
20603,65
20604,34
20605,39
20606,69
20607,37
20608,30
20609,53
20610,38
20611,39
20612,44
20613,50
20614,40
20615,36
20616,26
20617,44
20618,56
20619,51
20620,30
20621,42
20622,29
20623,66
20624,36
20625,31
20626,25
20627,48
20628,51
20629,58
20630,33
20631,23
20632,35
20633,33
20634,45
20635,25
20636,56
20637,48
20638,40
20639,53
20640,41
20641,52
20642,30
20643,35
20644,34
20645,67
20646,33
20647,37
20648,28
20649,38
20650,32
20651,51
20652,45
20653,59
20654,59
20655,44
20656,46
20657,64
20658,34
20659,39
20660,42
20661,36
20662,41
20663,39
20664,39
20665,39
20666,39
20667,32
20668,46
20669,36
20670,41
20671,48
20672,53
20673,29
20674,41
20675,36
20676,36
20677,27
20678,42
20679,53
20680,34
20681,36
20682,37
20683,40
20684,57
20685,31
20686,51
20687,48
20688,23
20689,36
20690,25
20691,49
20692,34
20693,47
20694,44
20695,25
20696,50
20697,41
20698,31
20699,37
20700,36
20701,48
20702,25
20703,34
20704,43
20705,18
20706,48
20707,32
20708,24
20709,48
20710,29
20711,48
20712,77
20713,55
20714,39
20715,47
20716,48
20717,34
20718,38
20719,53
20720,37
20721,54
20722,24
20723,55
20724,40
20725,63
20726,22
20727,52
20728,29
20729,36
20730,38
20731,59
20732,28
20733,57
20734,39
20735,44
20736,42
20737,27
20738,60
20739,36
20740,29
20741,33
20742,61
20743,36
20744,54
20745,56
20746,39
20747,39
20748,35
20749,32
20750,28
20751,36
20752,59
20753,35
20754,58
20755,31
20756,26
20757,47
20758,32
20759,56
20760,52
20761,52
20762,54
20763,39
20764,45
20765,36
20766,32
20767,32
20768,50
20769,78
20770,38
20771,44
20772,42
20773,35
20774,54
20775,46
20776,58
20777,56
20778,32
20779,42
20780,22
20781,34
20782,47
20783,31
20784,21
20785,45
20786,41
20787,54
20788,57
20789,28
20790,34
20791,33
20792,35
20793,48
20794,56
20795,48
20796,42
20797,63
20798,43
20799,49
20800,63
20801,34
20802,62
20803,51
20804,40
20805,26
20806,31
20807,39
20808,50
20809,44
20810,37
20811,39
20812,29
20813,22
20814,34
20815,54
20816,42
20817,39
20818,59
20819,32
20820,34
20821,32
20822,39
20823,28
20824,58
20825,24
20826,47
20827,37
20828,24
20829,41
20830,39
20831,55
20832,33
20833,57
20834,41
20835,63
20836,33
20837,33
20838,40
20839,34
20840,34
20841,25
20842,36
20843,25
20844,66
20845,66
20846,26
20847,29
20848,29
20849,21
20850,48
20851,39
20852,37
20853,53
20854,39
20855,32
20856,36
20857,41
20858,48
20859,43
20860,41
20861,19
20862,30
20863,56
20864,36
20865,28
20866,60
20867,37
20868,38
20869,57
20870,35
20871,35
20872,55
20873,37
20874,39
20875,24
20876,58
20877,54
20878,54
20879,20
20880,67
20881,49
20882,41
20883,45
20884,56
20885,54
20886,39
20887,46
20888,46
20889,46
20890,62
20891,55
20892,77
20893,58
20894,34
20895,28
20896,40
20897,50
20898,33
20899,35
20900,67
20901,38
20902,33
20903,51
20904,24
20905,66
20906,66
20907,36
20908,51
20909,36
20910,40
20911,26
20912,44
20913,48
20914,35
20915,30
20916,78
20917,42
20918,35
20919,36
20920,55
20921,63
20922,36
20923,37
20924,34
20925,44
20926,44
20927,52
20928,41
20929,30
20930,59
20931,34
20932,23
20933,51
20934,30
20935,32
20936,39
20937,37
20938,49
20939,40
20940,56
20941,39
20942,38
20943,39
20944,39
20945,44
20946,46
20947,39
20948,47
20949,51
20950,55
20951,46
20952,34
20953,31
20954,36
20955,33
20956,51
20957,41
20958,56
20959,34
20960,58
20961,53
20962,33
20963,31
20964,49
20965,32
20966,32
20967,21
20968,45
20969,32
20970,36
20971,57
20972,40
20973,46
20974,43
20975,44
20976,43
20977,35
20978,45
20979,24
20980,34
20981,45
20982,43
20983,45
20984,45
20985,33
20986,33
20987,41
20988,33
20989,29
20990,47
20991,63
20992,53
20993,49
20994,39
20995,38
20996,34
20997,54
20998,45
20999,64
21000,45
21001,31
21002,39
21003,31
21004,29
21005,34
21006,46
21007,33
21008,53
21009,45
21010,47
21011,33
21012,56
21013,29
21014,34
21015,61
21016,41
21017,27
21018,58
21019,24
21020,43
21021,49
21022,46
21023,54
21024,27
21025,45
21026,29
21027,25
21028,54
21029,47
21030,37
21031,32
21032,28
21033,34
21034,32
21035,71
21036,35
21037,44
21038,62
21039,36
21040,57
21041,42
21042,51
21043,41
21044,83
21045,47
21046,31
21047,39
21048,34
21049,22
21050,24
21051,43
21052,35
21053,65
21054,23
21055,40
21056,60
21057,49
21058,38
21059,48
21060,65
21061,60
21062,36
21063,34
21064,65
21065,58
21066,24
21067,27
21068,41
21069,40
21070,60
21071,27
21072,23
21073,36
21074,53
21075,36
21076,42
21077,26
21078,83
21079,53
21080,39
21081,31
21082,24
21083,70
21084,37
21085,32
21086,50
21087,32
21088,26
21090,49
21091,24
21092,57
21093,32
21094,32
21095,46
21096,29
21097,26
21098,37
21099,46
21100,26
21101,48
21102,50
21103,20
21104,38
21105,37
21106,41
21107,65
21108,47
21109,37
21110,39
21111,25
21112,36
21113,33
21114,44
21115,46
21116,52
21117,40
21118,37
21119,39
21120,32
21121,30
21122,45
21123,20
21124,46
21125,66
21126,44
21127,36
21128,41
21129,35
21130,46
21131,39
21132,30
21133,39
21134,30
21135,50
21136,52
21137,43
21138,32
21139,38
21140,39
21141,53
21142,66
21143,39
21144,44
21145,33
21146,57
21147,35
21148,47
21149,50
21150,46
21151,48
21152,30
21153,27
21154,54
21155,44
21156,42
21157,65
21158,35
21159,73
21160,44
21161,29
21162,43
21163,38
21164,37
21165,29
21166,49
21167,28
21168,38
21169,54
21170,27
21171,39
21172,35
21173,46
21174,35
21175,19
21176,33
21177,56
21178,45
21179,29
21180,42
21181,33
21182,32
21183,46
21184,37
21185,27
21186,44
21187,53
21188,56
21189,39
21190,56
21191,52
21192,35
21193,33
21194,43
21195,31
21196,39
21197,39
21198,50
21199,43
21200,41
21201,29
21202,58
21203,25
21204,44
21205,56
21206,47
21207,34
21208,33
21209,30
21210,26
21211,51
21212,24
21213,41
21214,51
21215,59
21216,57
21217,64
21218,48
21219,47
21220,39
21221,35
21222,21
21223,37
21224,38
21225,62
21226,32
21227,41
21228,45
21229,22
21230,48
21231,67
21232,58
21233,47
21234,48
21235,43
21236,35
21237,56
21238,50
21239,31
21240,58
21241,30
21242,25
21243,30
21244,48
21245,33
21246,39
21247,59
21248,50
21249,41
21250,36
21251,40
21252,68
21253,57
21254,50
21255,65
21256,62
21257,30
21258,62
21259,46
21260,33
21261,32
21262,38
21263,63
21264,65
21265,45
21266,33
21267,68
21268,22
21269,27
21270,35
21271,55
21272,32
21273,34
21274,36
21275,20
21276,31
21277,61
21278,35
21279,46
21280,25
21281,48
21282,48
21283,32
21284,38
21285,37
21286,33
21287,61
21288,39
21289,27
21290,37
21291,52
21292,39
21293,47
21294,39
21295,59
21296,27
21297,37
21298,51
21299,66
21300,35
21301,29
21302,26
21303,41
21304,42
21305,40
21306,34
21307,23
21308,38
21309,36
21310,53
21311,68
21312,33
21313,33
21314,33
21315,61
21316,33
21317,53
21318,68
21319,53
21320,25
21321,33
21322,50
21323,67
21324,33
21325,27
21326,56
21327,29
21328,51
21329,26
21330,46
21331,46
21332,38
21333,44
21334,52
21335,55
21336,40
21337,56
21338,31
21339,52
21340,35
21341,48
21342,26
21343,35
21344,34
21345,54
21346,30
21347,47
21348,66
21349,23
21350,39
21351,50
21352,54
21353,41
21354,44
21355,36
21356,52
21357,36
21358,65
21359,48
21360,24
21361,32
21362,37
21363,39
21364,58
21365,47
21366,43
21367,33
21368,47
21369,43
21370,57
21371,65
21372,40
21373,69
21374,43
21375,56
21376,42
21377,26
21378,56
21379,29
21380,61
21381,33
21382,37
21383,22
21384,40
21385,67
21386,62
21387,25
21388,57
21389,67
21390,36
21391,60
21392,23
21393,26
21394,30
21395,44
21396,51
21397,64
21398,34
21399,24
21400,49
21401,55
21402,42
21403,30
21404,32
21405,44
21406,33
21407,70
21408,21
21409,29
21410,37
21411,40
21412,30
21413,29
21414,83
21415,30
21416,35
21417,58
21418,49
21419,30
21420,28
21421,63
21422,39
21423,23
21424,34
21425,22
21426,31
21427,29
21428,51
21429,41
21430,48
21431,56
21432,30
21433,38
21434,34
21435,43
21436,57
21437,51
21438,53
21439,38
21440,36
21441,55
21442,34
21443,26
21444,29
21445,51
21446,22
21447,59
21448,49
21449,53
21450,33
21451,33
21452,39
21453,39
21454,39
21455,40
21456,43
21457,36
21458,54
21459,24
21460,69
21461,83
21462,46
21463,21
21464,30
21465,72
21466,48
21467,38
21468,38
21469,50
21470,47
21471,50
21472,66
21473,30
21474,44
21475,26
21476,53
21477,52
21478,34
21479,35
21480,44
21481,31
21482,37
21483,25
21484,40
21485,56
21486,43
21487,43
21488,31
21489,37
21490,23
21491,41
21492,60
21493,47
21494,42
21495,47
21496,59
21497,45
21498,55
21499,53
21500,59
21501,35
21502,48
21503,61
21504,35
21505,39
21506,48
21507,40
21508,49
21509,58
21510,43
21511,45
21512,56
21513,60
21514,35
21515,40
21516,27
21517,37
21518,53
21519,36
21520,26
21521,31
21522,73
21523,27
21524,56
21525,56
21526,34
21527,52
21528,36
21529,43
21530,48
21531,41
21532,36
21533,33
21534,28
21535,65
21536,58
21537,43
21538,26
21539,37
21540,75
21541,24
21542,52
21543,38
21544,35
21545,46
21546,39
21547,62
21548,66
21549,64
21550,25
21551,54
21552,30
21553,31
21554,25
21555,41
21556,29
21557,24
21558,56
21559,38
21560,34
21561,24
21562,28
21563,31
21564,40
21565,39
21566,44
21567,28
21568,27
21569,25
21570,32
21571,59
21572,46
21573,40
21574,65
21575,61
21576,31
21577,34
21578,42
21579,36
21580,39
21581,46
21582,38
21583,56
21584,39
21585,32
21586,52
21587,66
21588,43
21589,63
21590,48
21591,36
21592,25
21593,40
21594,66
21595,45
21596,20
21597,30
21598,45
21599,32
21600,53
21601,35
21602,32
21603,40
21604,42
21605,39
21606,57
21607,48
21608,37
21609,64
21610,34
21611,25
21612,37
21613,39
21614,53
21615,57
21616,38
21617,44
21618,40
21619,36
21620,33
21621,36
21622,73
21623,43
21624,40
21625,42
21626,36
21627,34
21628,36
21629,42
21630,27
21631,52
21632,35
21633,35
21634,59
21635,54
21636,39
21637,37
21638,32
21639,51
21640,39
21641,48
21642,53
21643,49
21644,32
21645,32
21646,29
21647,41
21648,58
21649,32
21650,64
21651,63
21652,34
21653,71
21654,31
21655,57
21656,40
21657,49
21658,58
21659,39
21660,34
21661,21
21662,38
21663,48
21664,29
21665,37
21666,59
21667,31
21668,32
21669,39
21670,39
21671,46
21672,28
21673,53
21674,45
21675,52
21676,37
21677,42
21678,59
21679,49
21680,40
21681,37
21682,50
21683,32
21684,44
21685,41
21686,53
21687,70
21688,28
21689,54
21690,39
21691,26
21692,36
21693,60
21694,22
21695,22
21696,47
21697,39
21698,54
21699,26
21700,45
21701,56
21702,54
21703,52
21704,35
21705,38
21706,35
21707,54
21708,36
21709,39
21710,39
21711,39
21712,64
21713,64
21714,30
21715,53
21716,37
21717,37
21718,32
21719,48
21720,30
21721,47
21722,48
21723,52
21724,36
21725,58
21726,46
21727,42
21728,61
21729,23
21730,38
21731,59
21732,47
21733,74
21734,36
21735,39
21736,25
21737,19
21738,21
21739,37
21740,45
21741,22
21742,31
21743,26
21744,40
21745,27
21746,51
21747,26
21748,33
21749,38
21750,29
21751,67
21752,34
21753,72
21754,29
21755,29
21756,42
21757,26
21758,53
21759,39
21760,34
21761,34
21762,63
21763,39
21764,39
21765,57
21766,27
21767,31
21768,24
21769,53
21770,72
21771,37
21772,48
21773,41
21774,55
21775,68
21776,35
21777,28
21778,35
21779,42
21780,51
21781,56
21782,29
21783,65
21784,67
21785,33
21786,42
21787,53
21788,56
21789,29
21790,33
21791,62
21792,50
21793,55
21794,33
21795,41
21796,39
21797,39
21798,33
21799,39
21800,38
21801,29
21802,58
21803,44
21804,28
21805,24
21806,51
21807,27
21808,54
21809,35
21810,75
21811,51
21812,29
21813,56
21814,28
21815,39
21816,38
21817,56
21818,47
21819,39
21820,53
21821,42
21822,35
21823,36
21824,28
21825,45
21826,46
21827,44
21828,46
21829,36
21830,41
21831,37
21832,23
21833,49
21834,65
21835,29
21836,67
21837,42
21838,33
21839,22
21840,23
21841,30
21842,58
21843,32
21844,32
21845,65
21846,50
21847,64
21848,37
21849,21
21850,36
21851,37
21852,23
21853,33
21854,43
21855,24
21856,33
21857,43
21858,48
21859,24
21860,36
21861,47
21862,30
21863,27
21864,32
21865,44
21866,38
21867,71
21868,30
21869,36
21870,57
21871,61
21872,54
21873,41
21874,34
21875,59
21876,31
21877,39
21878,39
21879,39
21880,46
21881,35
21882,52
21883,58
21884,46
21885,56
21886,60
21887,28
21888,37
21889,48
21890,49
21891,44
21892,32
21893,57
21894,35
21895,39
21896,42
21897,26
21898,54
21899,38
21900,50
21901,48
21902,48
21903,35
21904,44
21905,51
21906,40
21907,36
21908,34
21909,54
21910,29
21911,46
21912,48
21913,20
21914,52
21915,36
21916,34
21917,34
21918,44
21919,28
21920,30
21921,33
21922,28
21923,38
21924,40
21925,43
21926,35
21927,49
21928,40
21929,62
21930,35
21931,60
21932,66
21933,72
21934,46
21935,26
21936,60
21937,50
21938,27
21939,39
21940,38
21941,63
21942,46
21943,29
21944,31
21945,54
21946,25
21947,27
21948,33
21949,36
21950,56
21951,25
21952,35
21953,32
21954,27
21955,54
21956,40
21957,27
21958,31
21959,72
21960,28
21961,20
21962,48
21963,41
21964,41
21965,68
21966,42
21967,47
21968,62
21969,42
21970,23
21971,61
21972,38
21973,36
21974,51
21975,49
21976,56
21977,40
21978,61
21979,47
21980,46
21981,24
21982,53
21983,25
21984,48
21985,49
21986,26
21987,45
21988,44
21989,51
21990,37
21991,32
21992,35
21993,51
21994,74
21995,59
21996,61
21997,54
21998,28
21999,50
22000,53
22001,52
22002,51
22003,45
22004,23
22005,55
22006,50
22007,53
22008,64
22009,19
22010,34
22011,68
22012,52
22013,63
22014,49
22015,54
22016,53
22017,41
22018,36
22019,33
22020,48
22021,34
22022,52
22023,50
22024,64
22025,64
22026,78
22027,24
22028,34
22029,55
22030,36
22031,26
22032,35
22033,57
22034,59
22035,39
22036,37
22037,29
22038,57
22039,57
22040,44
22041,40
22042,47
22043,39
22044,30
22045,39
22046,48
22047,57
22048,43
22049,69
22050,24
22051,65
22052,46
22053,49
22054,55
22055,31
22056,45
22057,38
22058,33
22059,27
22060,40
22061,39
22062,32
22063,26
22064,31
22065,52
22066,56
22067,34
22068,62
22069,39
22070,38
22071,46
22072,36
22073,29
22074,49
22075,68
22076,48
22077,63
22078,44
22079,39
22080,67
22081,50
22082,63
22083,39
22084,44
22085,47
22086,36
22087,33
22088,32
22089,41
22090,32
22091,70
22092,63
22093,47
22094,28
22095,52
22096,57
22097,65
22098,42
22099,68
22100,36
22101,56
22102,60
22103,33
22104,36
22105,33
22106,28
22107,31
22108,44
22109,47
22110,45
22111,28
22112,36
22113,47
22114,49
22115,38
22116,39
22117,71
22118,35
22119,53
22120,42
22121,40
22122,46
22123,34
22124,42
22125,53
22126,42
22127,68
22128,21
22129,25
22130,29
22131,35
22132,40
22133,20
22134,57
22135,56
22136,68
22137,51
22138,51
22139,52
22140,37
22141,75
22142,47
22143,60
22144,48
22145,34
22146,54
22147,32
22148,47
22149,44
22150,48
22151,30
22152,37
22153,38
22154,55
22155,64
22156,62
22157,27
22158,43
22159,48
22160,23
22161,26
22162,50
22163,35
22164,33
22165,47
22166,38
22167,22
22168,34
22169,59
22170,52
22171,48
22172,57
22173,30
22174,36
22175,28
22176,64
22177,54
22178,51
22179,58
22180,30
22181,45
22182,40
22183,61
22184,35
22185,40
22186,31
22187,48
22188,32
22189,53
22190,41
22191,39
22192,35
22193,55
22194,48
22195,29
22196,61
22197,21
22198,42
22199,39
22200,39
22201,31
22202,41
22203,29
22204,36
22205,37
22206,37
22207,60
22208,54
22209,59
22210,37
22211,52
22212,24
22213,47
22214,51
22215,47
22216,36
22217,54
22218,65
22219,58
22220,46
22221,26
22222,27
22223,55
22224,55
22225,61
22226,50
22227,35
22228,53
22229,26
22230,21
22231,28
22232,36
22233,22
22234,32
22235,26
22236,39
22237,61
22238,53
22239,46
22240,38
22241,28
22242,58
22243,25
22244,42
22245,27
22246,56
22247,24
22248,53
22249,36
22250,59
22251,42
22252,49
22253,39
22254,51
22255,87
22256,42
22257,53
22258,22
22259,42
22260,40
22261,33
22262,48
22263,40
22264,42
22265,39
22266,40
22267,40
22268,38
22269,33
22270,55
22271,66
22272,43
22273,62
22274,44
22275,74
22276,41
22277,47
22278,39
22279,39
22280,41
22281,46
22282,28
22283,38
22284,69
22285,43
22286,34
22287,58
22288,27
22289,53
22290,45
22291,39
22292,25
22293,58
22294,47
22295,57
22296,61
22297,28
22298,38
22299,26
22300,63
22301,27
22302,34
22303,40
22304,33
22305,35
22306,46
22307,26
22308,55
22309,47
22310,56
22311,33
22312,47
22313,29
22314,44
22315,36
22316,36
22317,34
22318,27
22319,25
22320,31
22321,33
22322,39
22323,39
22324,45
22325,43
22326,42
22327,38
22328,39
22329,26
22330,31
22331,52
22332,31
22333,55
22334,25
22335,31
22336,37
22337,28
22338,26
22339,57
22340,34
22341,40
22342,40
22343,48
22344,38
22345,46
22346,50
22347,54
22348,46
22349,26
22350,53
22351,27
22352,50
22353,38
22354,41
22355,33
22356,36
22357,36
22358,29
22359,43
22360,66
22361,66
22362,32
22363,51
22364,61
22365,57
22366,34
22367,32
22368,31
22369,44
22370,61
22371,24
22372,23
22373,42
22374,24
22375,46
22376,29
22377,33
22378,59
22379,55
22380,32
22381,67
22382,64
22383,59
22384,30
22385,51
22386,62
22387,77
22388,61
22389,59
22390,45
22391,51
22392,37
22393,47
22394,33
22395,35
22396,48
22397,32
22398,38
22399,39
22400,42
22401,38
22402,29
22403,28
22404,53
22405,42
22406,23
22407,26
22408,57
22409,26
22410,31
22411,56
22412,43
22413,56
22414,49
22415,45
22416,26
22417,33
22418,45
22419,43
22420,35
22421,32
22422,30
22423,25
22424,34
22425,30
22426,47
22427,37
22428,59
22429,34
22430,41
22431,44
22432,53
22433,24
22434,56
22435,52
22436,73
22437,31
22438,83
22439,39
22440,28
22441,34
22442,49
22443,31
22444,31
22445,56
22446,49
22447,29
22448,24
22449,52
22450,49
22451,45
22452,36
22453,67
22454,51
22455,53
22456,42
22457,29
22458,52
22459,20
22460,36
22461,55
22462,53
22463,60
22464,37
22465,46
22466,36
22467,37
22468,60
22469,40
22470,68
22471,60
22472,46
22473,62
22474,31
22475,28
22476,41
22477,20
22478,49
22479,39
22480,64
22481,39
22482,46
22483,64
22484,29
22485,35
22486,56
22487,65
22488,23
22489,41
22490,57
22491,39
22492,49
22493,47
22494,40
22495,34
22496,44
22497,48
22498,31
22499,46
22500,29
22501,46
22502,39
22503,41
22504,35
22505,34
22506,42
22507,43
22508,51
22509,48
22510,31
22511,44
22512,41
22513,41
22514,37
22515,52
22516,45
22517,59
22518,36
22519,44
22520,41
22521,30
22522,27
22523,57
22524,37
22525,52
22526,72
22527,59
22528,34
22529,46
22530,29
22531,22
22532,36
22534,66
22535,34
22536,30
22537,50
22538,39
22539,46
22540,28
22541,47
22542,47
22543,53
22544,20
22545,39
22546,39
22547,30
22548,34
22549,31
22550,67
22551,57
22552,34
22553,39
22554,56
22555,65
22556,58
22557,46
22558,33
22559,39
22560,35
22561,29
22562,37
22563,42
22564,40
22565,63
22566,38
22567,23
22568,46
22569,44
22570,67
22571,30
22572,53
22573,50
22574,31
22575,38
22576,21
22577,50
22578,59
22579,26
22580,52
22581,50
22582,61
22583,49
22584,28
22585,39
22586,39
22587,56
22588,38
22589,65
22590,48
22591,39
22592,41
22593,59
22594,32
22595,52
22596,43
22597,51
22598,68
22599,33
22600,28
22601,44
22602,19
22603,57
22604,56
22605,47
22606,64
22607,39
22608,39
22609,30
22610,39
22611,39
22612,68
22613,40
22614,47
22615,42
22616,44
22617,28
22618,60
22619,38
22620,28
22621,33
22622,53
22623,33
22624,42
22625,50
22626,71
22627,26
22628,33
22629,42
22630,51
22631,41
22632,44
22633,32
22634,48
22635,47
22636,72
22637,34
22638,33
22639,59
22640,66
22641,32
22642,25
22643,37
22644,41
22645,34
22646,42
22647,35
22648,35
22649,34
22650,53
22651,28
22652,62
22653,50
22654,39
22655,24
22656,23
22657,39
22658,46
22659,46
22660,33
22661,28
22662,33
22663,48
22664,44
22665,48
22666,30
22667,25
22668,24
22669,30
22670,33
22671,41
22672,38
22673,33
22674,67
22675,38
22676,41
22677,43
22678,39
22679,35
22680,53
22681,57
22682,25
22683,50
22684,36
22685,43
22686,42
22687,54
22688,28
22689,60
22690,59
22691,19
22692,37
22693,54
22694,26
22695,29
22696,41
22697,39
22698,60
22699,39
22700,32
22701,37
22702,38
22703,46
22704,34
22705,55
22706,30
22707,33
22708,38
22709,51
22710,39
22711,35
22712,39
22713,65
22714,36
22715,39
22716,44
22717,32
22718,33
22719,37
22720,81
22721,33
22722,32
22723,69
22724,33
22725,48
22726,40
22727,37
22728,37
22729,32
22730,56
22731,45
22732,48
22733,37
22734,79
22735,48
22736,73
22737,68
22738,67
22739,46
22740,45
22741,36
22742,27
22743,26
22744,35
22745,74
22746,29
22747,33
22748,50
22749,35
22750,56
22751,61
22752,38
22753,33
22754,31
22755,39
22756,55
22757,31
22758,47
22759,40
22760,41
22761,27
22762,30
22763,48
22764,26
22765,33
22766,38
22767,28
22768,56
22769,38
22770,65
22771,38
22772,34
22773,55
22774,66
22775,51
22776,54
22777,56
22778,45
22779,27
22780,45
22781,46
22782,34
22783,27
22784,36
22785,34
22786,53
22787,65
22788,44
22789,54
22790,44
22791,35
22792,44
22793,23
22794,28
22795,39
22796,42
22797,42
22798,65
22799,42
22800,34
22801,48
22802,29
22803,46
22804,37
22805,29
22806,37
22807,46
22808,45
22809,21
22810,27
22811,39
22812,34
22813,43
22814,42
22815,35
22816,41
22817,26
22818,23
22819,26
22820,53
22821,36
22822,51
22823,32
22824,58
22825,63
22826,52
22827,21
22828,36
22829,40
22830,47
22831,27
22832,39
22833,56
22834,61
22835,49
22836,30
22837,54
22838,46
22839,36
22840,36
22841,35
22842,57
22843,45
22844,36
22845,34
22846,45
22847,46
22848,34
22849,43
22850,28
22851,36
22852,62
22853,42
22854,61
22855,37
22856,56
22857,31
22858,39
22859,60
22860,26
22861,32
22862,23
22863,56
22864,38
22865,43
22866,34
22867,51
22868,68
22869,29
22870,35
22871,27
22872,48
22873,39
22874,34
22875,65
22876,44
22877,39
22878,30
22879,43
22880,28
22881,35
22882,25
22883,55
22884,37
22885,65
22886,30
22887,62
22888,36
22889,37
22890,34
22891,41
22892,54
22893,32
22894,49
22895,41
22896,47
22897,47
22898,49
22899,65
22900,31
22901,28
22902,64
22903,47
22904,31
22905,46
22906,45
22907,53
22908,56
22909,54
22910,51
22911,32
22912,61
22913,53
22914,70
22915,34
22916,32
22917,53
22918,26
22919,57
22920,36
22921,48
22922,34
22923,36
22924,26
22925,27
22926,21
22927,51
22928,54
22929,33
22930,29
22931,33
22932,53
22933,47
22934,42
22935,48
22936,59
22937,39
22938,34
22939,60
22940,34
22941,70
22942,34
22943,57
22944,64
22945,36
22946,50
22947,25
22948,44
22949,59
22950,67
22951,57
22952,32
22953,47
22954,28
22955,24
22956,50
22957,41
22958,53
22959,34
22960,43
22961,78
22962,56
22963,23
22964,42
22965,37
22966,60
22967,42
22968,40
22969,36
22970,50
22971,47
22972,49
22973,33
22974,39
22975,39
22976,69
22977,33
22978,38
22979,40
22980,45
22981,57
22982,43
22983,66
22984,54
22985,32
22986,37
22987,31
22988,37
22989,69
22990,35
22991,48
22992,43
22993,60
22994,54
22995,34
22996,55
22997,39
22998,39
22999,32
23000,36
23001,52
23002,35
23003,46
23004,42
23005,27
23006,55
23007,55
23008,36
23009,28
23010,45
23011,53
23012,32
23013,40
23014,40
23015,58
23016,33
23017,29
23018,36
23019,44
23020,21
23021,45
23022,58
23023,29
23024,34
23025,34
23026,46
23027,24
23028,45
23029,57
23030,68
23031,66
23032,29
23033,23
23034,36
23035,51
23036,55
23037,39
23038,30
23039,64
23040,39
23041,38
23042,43
23043,34
23044,53
23045,74
23046,65
23047,41
23048,44
23049,55
23050,40
23051,32
23052,48
23053,51
23054,50
23055,60
23056,38
23057,59
23058,31
23059,28
23060,43
23061,39
23062,27
23063,53
23064,38
23065,29
23066,61
23067,40
23068,66
23069,41
23070,29
23071,21
23072,42
23073,60
23074,49
23075,47
23076,46
23077,28
23078,45
23079,37
23080,45
23081,60
23082,42
23083,36
23084,21
23085,27
23086,81
23087,56
23088,54
23089,43
23090,57
23091,34
23092,26
23093,26
23094,52
23095,58
23096,40
23097,32
23098,30
23099,35
23100,34
23101,38
23102,42
23103,55
23104,41
23105,67
23106,58
23107,68
23108,29
23109,24
23110,33
23111,39
23112,48
23113,26
23114,66
23115,34
23116,69
23117,60
23118,33
23119,41
23120,39
23121,33
23122,46
23123,42
23124,29
23125,61
23126,36
23127,29
23128,30
23129,27
23130,83
23131,53
23132,32
23133,38
23134,87
23135,33
23136,54
23137,69
23138,43
23139,39
23140,73
23141,64
23142,55
23143,20
23144,35
23145,34
23146,26
23147,38
23148,39
23149,37
23150,39
23151,32
23152,37
23153,42
23154,35
23155,36
23156,28
23157,44
23158,65
23159,45
23160,66
23161,27
23162,25
23163,27
23164,53
23165,34
23166,32
23167,36
23168,25
23169,38
23170,62
23171,41
23172,32
23173,38
23174,52
23175,35
23176,36
23177,35
23178,35
23179,47
23180,54
23181,42
23182,42
23183,33
23184,41
23185,46
23186,32
23187,24
23188,50
23189,53
23190,32
23191,48
23192,42
23193,63
23194,33
23195,39
23196,41
23197,39
23198,53
23199,29
23200,64
23201,31
23202,50
23203,32
23204,50
23205,28
23206,46
23207,45
23208,60
23209,35
23210,59
23211,53
23212,43
23213,33
23214,39
23215,44
23216,42
23217,33
23218,25
23219,34
23220,52
23221,40
23222,47
23223,49
23224,39
23225,25
23226,70
23227,30
23228,29
23229,83
23230,25
23231,47
23232,40
23233,28
23234,61
23235,26
23236,34
23237,37
23238,27
23239,31
23240,34
23241,36
23242,64
23243,39
23244,39
23245,38
23246,64
23247,36
23248,48
23249,34
23250,50
23251,28
23252,44
23253,35
23254,52
23255,44
23256,48
23257,51
23258,66
23259,32
23260,55
23261,56
23262,41
23263,35
23264,39
23265,47
23266,40
23267,62
23268,36
23269,39
23270,39
23271,34
23272,48
23273,36
23274,42
23275,54
23276,27
23277,27
23278,48
23279,36
23280,30
23281,67
23282,60
23283,49
23284,53
23285,71
23286,55
23287,43
23288,59
23289,39
23290,40
23291,33
23292,21
23293,42
23294,22
23295,58
23296,59
23297,60
23298,50
23299,50
23300,79
23301,59
23302,25
23303,37
23304,42
23305,30
23306,51
23307,21
23308,37
23309,32
23310,50
23311,50
23312,37
23313,34
23314,39
23315,32
23316,39
23317,37
23318,37
23319,61
23320,22
23321,40
23322,40
23323,64
23324,35
23325,35
23326,46
23327,30
23328,67
23329,28
23330,32
23331,41
23332,34
23333,35
23334,25
23335,46
23336,28
23337,46
23338,28
23339,44
23340,28
23341,28
23342,53
23343,29
23344,50
23345,44
23346,55
23347,30
23348,20
23349,38
23350,47
23351,44
23352,32
23353,60
23354,54
23355,22
23356,49
23357,36
23358,22
23359,47
23360,39
23361,62
23362,41
23363,41
23364,49
23365,18
23366,38
23367,59
23368,36
23369,66
23370,36
23371,32
23372,53
23373,42
23374,65
23375,32
23376,53
23377,51
23378,62
23379,39
23380,36
23381,52
23382,41
23383,28
23384,54
23385,39
23386,27
23387,52
23388,54
23389,55
23390,70
23391,18
23392,52
23393,33
23394,44
23395,39
23396,33
23397,46
23398,53
23399,56
23400,37
23401,38
23402,28
23403,40
23404,63
23405,56
23406,42
23407,31
23408,38
23409,59
23410,51
23411,62
23412,47
23413,40
23414,33
23415,37
23416,37
23417,46
23418,54
23419,48
23420,46
23421,61
23422,84
23423,39
23424,65
23425,36
23426,38
23427,34
23428,52
23429,40
23430,31
23431,44
23432,36
23433,43
23434,28
23435,20
23436,83
23437,83
23438,37
23439,53
23440,31
23441,60
23442,44
23443,38
23444,29
23445,28
23446,45
23447,41
23448,54
23449,38
23450,67
23451,52
23452,36
23453,35
23454,47
23455,21
23456,57
23457,40
23458,59
23459,57
23460,41
23461,58
23462,59
23463,46
23464,28
23465,40
23466,43
23467,68
23468,43
23469,53
23470,26
23471,51
23472,40
23473,49
23474,52
23475,64
23476,29
23477,54
23478,57
23479,38
23480,60
23481,47
23482,50
23483,24
23484,42
23485,42
23486,24
23487,26
23488,77
23489,66
23490,44
23491,20
23492,36
23493,35
23494,47
23495,63
23496,64
23497,34
23498,33
23499,59
23500,45
23501,57
23502,23
23503,34
23504,62
23505,43
23506,46
23507,39
23508,41
23509,37
23510,50
23511,49
23512,29
23513,46
23514,63
23515,36
23516,34
23517,31
23518,46
23519,60
23520,48
23521,37
23522,56
23523,38
23524,38
23525,27
23526,65
23527,59
23528,46
23529,36
23530,23
23531,32
23532,52
23533,44
23534,24
23535,41
23536,41
23537,60
23538,34
23539,48
23540,27
23541,51
23542,40
23543,26
23544,28
23545,37
23546,51
23547,40
23548,48
23549,42
23550,52
23551,66
23552,31
23553,84
23554,51
23555,54
23556,48
23557,33
23558,48
23559,31
23560,68
23561,34
23562,36
23563,37
23564,42
23565,58
23566,41
23567,34
23568,36
23569,50
23570,66
23571,20
23572,38
23573,35
23574,30
23575,53
23576,47
23577,29
23578,52
23579,58
23580,62
23581,36
23582,36
23583,39
23584,62
23585,50
23586,41
23587,51
23588,43
23589,23
23590,64
23591,37
23592,51
23593,52
23594,53
23595,53
23596,39
23597,54
23598,30
23599,44
23600,26
23601,22
23602,30
23603,43
23604,44
23605,56
23606,56
23607,57
23608,47
23609,41
23610,45
23611,44
23612,42
23613,64
23614,39
23615,39
23616,30
23617,29
23618,50
23619,25
23620,47
23621,29
23622,24
23623,26
23624,41
23625,26
23626,44
23627,38
23628,43
23629,27
23630,49
23631,49
23632,33
23633,34
23634,47
23635,40
23636,57
23637,40
23638,42
23639,40
23640,35
23641,80
23642,49
23643,39
23644,37
23645,46
23646,35
23647,61
23648,45
23649,43
23650,53
23651,42
23652,34
23653,34
23654,49
23655,33
23656,39
23657,39
23658,33
23659,52
23660,52
23661,39
23662,53
23663,30
23664,32
23665,68
23666,43
23667,38
23668,55
23669,51
23670,46
23671,60
23672,39
23673,32
23674,41
23675,33
23676,56
23677,65
23678,35
23679,35
23680,40
23681,32
23682,41
23683,62
23684,55
23685,44
23686,46
23687,53
23688,41
23689,33
23690,36
23691,55
23692,67
23693,52
23694,48
23695,45
23696,23
23697,23
23698,45
23699,48
23700,46
23701,42
23702,47
23703,28
23704,56
23705,37
23706,46
23707,52
23708,36
23709,37
23710,28
23711,41
23712,30
23713,73
23714,55
23715,42
23716,68
23717,87
23718,45
23719,42
23720,45
23721,58
23722,47
23723,51
23724,59
23725,52
23726,43
23727,54
23728,36
23729,23
23730,51
23731,26
23732,35
23733,72
23734,20
23735,35
23736,32
23737,63
23738,60
23739,40
23740,24
23741,35
23742,51
23743,50
23744,36
23745,39
23746,39
23747,55
23748,46
23749,47
23750,24
23751,58
23752,60
23753,48
23754,44
23755,30
23756,58
23757,45
23758,53
23759,35
23760,62
23761,56
23762,25
23763,26
23764,22
23765,37
23766,28
23767,27
23768,55
23769,67
23770,35
23771,34
23772,35
23773,41
23774,83
23775,51
23776,54
23777,69
23778,49
23779,28
23780,41
23781,49
23782,30
23783,42
23784,37
23785,25
23786,53
23787,37
23788,34
23789,36
23790,47
23791,34
23792,54
23793,20
23794,44
23795,49
23796,49
23797,46
23798,39
23799,39
23800,41
23801,34
23802,25
23803,33
23804,28
23805,35
23806,28
23807,54
23808,24
23809,28
23810,57
23811,35
23812,32
23813,70
23814,49
23815,49
23816,42
23817,53
23818,51
23819,33
23820,60
23821,37
23822,62
23823,70
23824,33
23825,57
23826,51
23827,43
23828,43
23829,34
23830,36
23831,34
23832,39
23833,66
23834,39
23835,39
23836,39
23837,52
23838,48
23839,37
23840,38
23841,34
23842,67
23843,24
23844,52
23845,55
23846,62
23847,42
23848,56
23849,57
23850,42
23851,21
23852,42
23853,56
23854,42
23855,50
23856,71
23857,58
23858,40
23859,56
23860,34
23861,55
23862,56
23863,44
23864,34
23865,61
23866,35
23867,41
23868,33
23869,33
23870,39
23871,39
23872,46
23873,54
23874,37
23875,56
23876,49
23877,44
23878,44
23879,46
23880,43
23881,56
23882,38
23883,70
23884,32
23885,35
23886,33
23887,26
23888,55
23889,46
23890,62
23891,20
23892,45
23893,22
23894,34
23895,47
23896,41
23897,24
23898,38
23899,56
23900,47
23901,48
23902,32
23903,36
23904,40
23905,39
23906,46
23907,35
23908,56
23909,71
23910,35
23911,40
23912,66
23913,32
23914,58
23915,66
23916,54
23917,48
23918,59
23919,71
23920,54
23921,66
23922,31
23923,32
23924,36
23925,25
23926,55
23927,47
23928,58
23929,48
23930,56
23931,38
23932,24
23933,53
23934,27
23935,46
23936,47
23937,48
23938,33
23939,58
23940,56
23941,56
23942,45
23943,51
23944,31
23945,33
23946,34
23947,54
23948,29
23949,26
23950,62
23951,67
23952,30
23953,28
23954,39
23955,27
23956,43
23957,56
23958,53
23959,33
23960,32
23961,44
23962,58
23963,49
23964,64
23965,70
23966,56
23967,72
23968,54
23969,42
23970,26
23971,39
23972,47
23973,47
23974,32
23975,40
23976,44
23977,29
23978,44
23979,47
23980,53
23981,39
23982,41
23983,36
23984,38
23985,44
23986,25
23987,64
23988,37
23989,37
23990,34
23991,33
23992,26
23993,35
23994,35
23995,51
23996,29
23997,28
23999,36
24000,23
24001,47
24002,83
24003,38
24004,58
24005,54
24006,58
24008,39
24009,47
24010,53
24011,51
24013,48
24014,37
24015,32
24016,50
24017,51
24018,32
24019,45
24020,30
24021,46
24022,34
24023,42
24024,33
24025,56
24026,32
24027,53
24028,38
24029,31
24030,30
24031,36
24032,36
24033,30
24034,86
24035,45
24036,34
24037,31
24038,37
24039,42
24040,40
24041,51
24042,30
24043,25
24044,25
24045,38
24046,57
24047,67
24048,42
24049,34
24050,49
24051,46
24052,44
24053,43
24054,44
24055,50
24056,52
24057,34
24058,32
24059,44
24060,21
24061,44
24062,59
24063,40
24064,44
24065,39
24066,49
24067,57
24068,32
24069,39
24070,39
24071,53
24072,37
24073,41
24074,36
24075,55
24076,48
24077,56
24078,53
24079,44
24080,48
24081,40
24082,28
24083,52
24084,33
24085,38
24086,41
24087,39
24088,49
24089,45
24090,39
24091,61
24092,55
24093,52
24094,46
24095,53
24096,57
24097,34
24098,37
24099,48
24100,53
24101,48
24102,32
24103,24
24104,72
24105,33
24106,31
24107,26
24108,39
24109,40
24110,52
24111,29
24112,43
24113,41
24114,38
24115,34
24116,36
24117,63
24118,48
24119,61
24120,39
24121,40
24122,54
24123,44
24124,63
24125,42
24126,72
24127,42
24128,49
24129,41
24130,41
24131,23
24132,19
24133,40
24134,58
24135,47
24136,39
24137,41
24138,32
24139,43
24140,55
24141,25
24142,44
24143,34
24144,38
24145,42
24146,55
24147,37
24148,38
24149,57
24150,44
24151,27
24152,34
24153,25
24154,29
24155,42
24156,28
24157,56
24158,35
24159,58
24160,56
24161,34
24162,32
24163,29
24164,48
24165,57
24166,30
24167,62
24168,27
24169,31
24170,41
24171,42
24172,37
24173,30
24174,27
24175,31
24176,33
24177,60
24178,29
24179,41
24180,45
24181,43
24182,40
24183,56
24184,70
24185,66
24186,41
24187,29
24188,39
24189,41
24190,52
24191,27
24192,26
24193,43
24194,49
24195,40
24196,65
24197,28
24198,44
24199,36
24200,20
24201,23
24202,54
24203,33
24204,27
24205,34
24206,43
24207,34
24208,53
24209,52
24210,54
24211,74
24212,58
24213,45
24214,50
24215,69
24216,56
24217,38
24218,43
24219,36
24220,29
24221,38
24222,44
24223,25
24224,37
24225,42
24226,37
24227,35
24228,43
24229,56
24230,56
24231,48
24232,36
24233,68
24234,48
24235,33
24236,62
24237,41
24238,44
24239,54
24240,35
24241,53
24242,53
24243,36
24244,45
24245,59
24246,33
24247,45
24248,29
24249,74
24250,34
24251,53
24252,31
24253,60
24254,32
24255,25
24256,46
24257,58
24258,39
24259,35
24260,54
24261,62
24262,54
24263,41
24264,42
24265,38
24266,61
24267,34
24268,22
24269,55
24270,60
24271,54
24272,25
24273,45
24274,41
24275,29
24276,33
24277,55
24278,56
24279,40
24280,28
24281,46
24282,46
24283,59
24284,34
24285,42
24286,28
24287,34
24288,45
24289,37
24290,42
24291,46
24292,39
24293,49
24294,47
24295,68
24296,44
24297,39
24298,59
24299,51
24300,39
24301,22
24302,52
24303,41
24304,46
24305,48
24306,55
24307,30
24308,60
24309,41
24310,31
24311,51
24312,45
24313,58
24314,58
24315,34
24316,48
24317,44
24318,65
24319,39
24320,47
24321,40
24322,35
24323,51
24324,45
24325,56
24326,41
24327,35
24328,37
24329,62
24330,62
24331,62
24332,30
24333,48
24334,41
24335,20
24336,54
24337,34
24338,39
24339,39
24340,39
24341,37
24342,45
24343,49
24344,56
24345,25
24346,73
24347,42
24348,41
24349,27
24350,53
24351,62
24352,25
24353,57
24354,36
24355,45
24356,41
24357,41
24358,33
24359,43
24360,63
24361,49
24362,46
24363,45
24364,27
24365,26
24366,42
24367,56
24368,22
24369,34
24370,62
24371,34
24372,23
24373,26
24374,47
24375,66
24376,37
24377,44
24378,27
24379,32
24380,34
24381,39
24382,35
24383,56
24384,44
24385,49
24386,39
24387,61
24388,41
24389,35
24390,47
24391,38
24392,45
24393,51
24394,45
24395,44
24396,38
24397,38
24398,70
24399,46
24400,38
24401,60
24402,46
24403,43
24404,55
24405,37
24406,47
24407,68
24408,47
24409,50
24410,35
24411,33
24412,46
24413,32
24414,39
24415,35
24416,39
24417,40
24418,39
24419,31
24420,42
24421,46
24422,39
24423,40
24424,41
24425,58
24426,23
24427,27
24428,42
24429,67
24430,32
24431,35
24432,37
24433,53
24434,35
24435,58
24436,26
24437,53
24438,59
24439,68
24440,33
24441,29
24442,63
24443,39
24444,62
24445,65
24446,53
24447,36
24448,28
24449,39
24450,39
24451,40
24452,26
24453,38
24454,39
24455,39
24456,35
24457,35
24458,49
24459,63
24460,57
24461,34
24462,49
24463,24
24464,65
24465,42
24466,41
24467,34
24468,60
24469,35
24470,50
24471,39
24472,31
24473,32
24474,29
24475,32
24476,41
24477,27
24478,39
24479,32
24480,42
24481,35
24482,34
24483,48
24484,31
24485,28
24486,52
